Symbol,Price,Type,Strike,"Exp Date",DTE,Bid,Midpoint,Ask,Last,Volume,"Open Int",Vol/OI,IV,Time
HD,231.14,Call,245.00,09/20/19,14,0.39,0.4,0.40,0.40,61894,123,503.2,21.49%,"15:58 ET"
LULU,202.72,Put,200.00,09/06/19,0,0.02,0.03,0.04,0.03,7100,123,57.72,0.00%,"15:47 ET"
GPS,16.82,Call,18.00,09/13/19,7,0.16,0.18,0.19,0.18,10237,249,41.11,61.72%,"15:48 ET"
KEM,18.1,Call,20.00,10/18/19,42,0.40,0.43,0.45,0.43,4073,115,35.42,43.08%,"15:19 ET"
TSCO,103.88,Call,105.00,09/20/19,14,1.65,1.73,1.80,1.75,6842,207,33.05,27.62%,"15:39 ET"
AOBC,6.08,Call,6.50,09/20/19,14,0.20,0.23,0.25,0.22,10012,338,29.62,79.31%,"15:56 ET"
XPO,72.34,Call,80.00,10/18/19,42,1.50,1.6,1.70,1.65,3577,124,28.85,42.80%,"15:36 ET"
OXY,45.53,Call,47.50,10/18/19,42,0.79,0.8,0.81,0.81,56991,2023,28.17,25.23%,"15:53 ET"
TLRD,5.51,Put,6.00,09/20/19,14,0.95,1.13,1.30,1.15,7857,288,27.28,196.17%,"15:41 ET"
FRO,8.5,Call,8.00,10/18/19,42,0.80,0.85,0.90,0.90,4312,182,23.69,55.02%,"15:12 ET"
C,65.99,Call,71.00,09/20/19,14,0.04,0.05,0.06,0.06,6658,283,23.53,22.22%,"15:20 ET"
AMD,30.53,Put,30.00,12/20/19,105,2.94,2.95,2.95,2.93,5114,241,21.22,50.76%,"15:43 ET"
AMZN,1834.1,Put,1832.50,09/06/19,0,1.26,1.4,1.53,1.60,3598,172,20.92,0.00%,"15:59 ET"
TSN,86.04,Put,86.00,09/06/19,0,0.10,0.13,0.15,0.06,2511,133,18.88,0.00%,"15:49 ET"
ZNGA,5.87,Call,6.50,10/11/19,35,0.09,0.1,0.10,0.09,2119,116,18.27,40.30%,"15:53 ET"
F,9.34,Put,9.00,10/04/19,28,0.12,0.13,0.13,0.13,2399,135,17.77,27.43%,"15:25 ET"
OMI,7.05,Call,7.50,10/18/19,42,0.45,0.5,0.55,0.50,3668,209,17.55,68.95%,"15:50 ET"
TGT,110,Put,110.00,09/06/19,0,0.05,0.08,0.10,0.06,1985,114,17.41,0.00%,"16:01 ET"
UBER,31.96,Put,20.00,12/20/19,105,0.20,0.23,0.25,0.22,3155,182,17.34,58.40%,"15:19 ET"
WDC,62.17,Call,65.00,09/27/19,21,1.29,1.32,1.35,1.31,2792,168,16.62,40.21%,"15:33 ET"
FIZZ,40.77,Put,45.00,12/20/19,105,6.70,7,7.30,7.50,2105,128,16.45,57.83%,"12:20 ET"
ZNGA,5.87,Call,6.00,10/18/19,42,0.33,0.34,0.35,0.34,52018,3278,15.87,49.93%,"15:54 ET"
TXN,127.2,Put,125.00,11/15/19,70,5.05,5.1,5.15,5.10,2328,147,15.84,28.91%,"14:55 ET"
AAPL,213.91,Put,195.00,11/15/19,70,4.05,4.1,4.15,4.10,43113,2750,15.68,31.81%,"15:55 ET"
CGC,27.69,Put,27.50,09/06/19,0,0.01,0.02,0.03,0.03,1902,124,15.34,0.00%,"15:22 ET"
UNH,229.57,Call,235.00,09/13/19,7,0.77,0.79,0.81,0.80,14477,1032,14.03,20.72%,"15:47 ET"
ROKU,170.02,Put,172.50,09/06/19,0,2.58,2.7,2.82,2.67,2023,145,13.95,0.00%,"15:56 ET"
LCI,13.2,Put,12.50,09/20/19,14,0.80,0.88,0.95,0.80,1613,118,13.67,111.41%,"15:41 ET"
LULU,202.72,Call,202.50,09/06/19,0,0.54,0.59,0.64,0.65,9033,683,13.23,0.00%,"15:49 ET"
NVDA,179.28,Put,177.50,10/04/19,28,5.85,5.95,6.05,5.95,5053,383,13.19,35.12%,"15:44 ET"
HES,64.24,Put,60.00,10/18/19,42,1.54,1.57,1.59,1.55,13046,999,13.06,39.04%,"14:18 ET"
PDD,35.28,Call,37.00,09/20/19,14,0.50,0.53,0.55,0.50,8614,677,12.72,40.77%,"15:41 ET"
CLDR,8.85,Call,9.50,09/20/19,14,0.15,0.18,0.20,0.15,2592,204,12.71,54.46%,"15:45 ET"
GPRE,9.4,Call,10.00,10/18/19,42,0.70,0.73,0.75,0.70,2526,210,12.03,73.49%,"13:41 ET"
APHA,7.08,Call,6.50,09/13/19,7,0.60,0.63,0.65,0.64,9437,799,11.81,62.19%,"15:58 ET"
BAC,27.66,Call,30.00,10/04/19,28,0.07,0.08,0.08,0.06,2164,185,11.7,20.46%,"15:46 ET"
AUY,3.47,Call,2.50,04/17/20,224,1.14,1.15,1.16,1.14,1448,125,11.58,54.22%,"15:14 ET"
CRWD,76.2,Call,80.00,09/06/19,0,0.00,0.03,0.05,0.05,1775,154,11.53,0.00%,"14:49 ET"
DOW,43.3,Call,42.50,01/15/21,497,5.60,5.8,6.00,5.90,1279,114,11.22,24.57%,"13:35 ET"
ROKU,170.02,Put,170.00,09/06/19,0,0.39,0.43,0.47,0.30,8573,778,11.02,0.00%,"15:58 ET"
WPX,10.46,Call,11.00,10/18/19,42,0.40,0.45,0.50,0.45,1542,142,10.86,46.38%,"13:56 ET"
SNAP,16.58,Call,17.00,09/13/19,7,0.25,0.26,0.26,0.26,28548,2645,10.79,47.00%,"15:59 ET"
AMZN,1834.1,Put,1827.50,09/06/19,0,0.17,0.24,0.31,0.24,2454,234,10.49,0.00%,"15:59 ET"
LCI,13.2,Put,10.00,10/18/19,42,0.50,0.6,0.70,0.65,1300,124,10.48,117.89%,"14:56 ET"
AMZN,1834.1,Put,1822.50,09/06/19,0,0.05,0.07,0.08,0.07,1582,151,10.48,0.00%,"15:58 ET"
LYFT,44.97,Put,44.50,09/06/19,0,0.00,0.03,0.05,0.03,2581,248,10.41,0.00%,"15:34 ET"
RDUS,27.93,Call,30.00,10/18/19,42,1.10,1.2,1.30,1.25,1225,118,10.38,53.41%,"15:54 ET"
CECO,20.06,Put,21.00,10/18/19,42,1.35,1.4,1.45,1.36,5472,528,10.36,30.32%,"15:59 ET"
CCJ,9.04,Call,9.00,09/06/19,0,0.05,0.08,0.10,0.05,1590,157,10.13,0.00%,"14:38 ET"
LULU,202.72,Put,200.00,09/20/19,14,3.15,3.22,3.30,3.24,1177,119,9.89,29.17%,"15:48 ET"
PM,73.08,Call,74.00,09/27/19,21,1.13,1.19,1.25,1.11,1006,102,9.86,22.15%,"15:25 ET"
BOX,17.34,Call,18.00,09/20/19,14,0.30,0.32,0.35,0.32,14251,1445,9.86,42.57%,"16:00 ET"
FB,187.95,Call,205.00,10/04/19,28,0.38,0.4,0.41,0.41,1026,105,9.77,21.55%,"14:51 ET"
HD,231.14,Call,232.50,09/13/19,7,1.87,1.92,1.96,1.90,2525,259,9.75,19.25%,"15:58 ET"
PANW,217.53,Put,215.00,09/06/19,0,0.00,0.01,0.01,0.02,1989,205,9.7,0.00%,"15:49 ET"
ROKU,170.02,Put,170.00,09/13/19,7,5.65,5.68,5.70,5.60,3087,319,9.68,58.61%,"15:57 ET"
DOCU,55.9,Put,55.00,09/20/19,14,1.20,1.25,1.30,1.30,2299,238,9.66,35.88%,"15:49 ET"
GME,4.29,Put,4.50,09/13/19,7,0.57,0.62,0.66,0.62,957,101,9.48,208.35%,"15:57 ET"
KHC,27.26,Call,28.00,09/20/19,14,0.20,0.23,0.25,0.23,1055,112,9.42,23.83%,"16:02 ET"
LULU,202.72,Put,195.00,09/06/19,0,0.00,0.01,0.02,0.01,1556,167,9.32,0.00%,"15:48 ET"
COST,304.14,Put,300.00,09/06/19,0,0.00,0.02,0.03,0.01,1480,159,9.31,0.00%,"15:49 ET"
C,65.99,Call,66.50,09/13/19,7,0.57,0.58,0.58,0.55,4663,509,9.16,20.87%,"16:01 ET"
MDCO,47.93,Put,30.00,10/18/19,42,0.40,0.7,1.00,0.82,4475,506,8.84,115.63%,"14:20 ET"
BWA,35.35,Call,37.50,09/20/19,14,0.10,0.15,0.20,0.20,876,100,8.76,31.07%,"15:03 ET"
KHC,27.26,Call,28.00,09/13/19,7,0.10,0.13,0.15,0.14,1097,126,8.71,26.69%,"15:33 ET"
SKX,34.71,Put,32.00,10/18/19,42,0.50,0.73,0.95,0.75,1489,172,8.66,39.85%,"15:51 ET"
DE,156.77,Put,145.00,12/20/19,105,4.85,4.9,4.95,4.90,4372,507,8.62,31.15%,"15:28 ET"
WDC,62.17,Put,62.00,09/06/19,0,0.02,0.04,0.05,0.02,2650,318,8.33,0.00%,"15:46 ET"
AMZN,1834.1,Put,1837.50,09/06/19,0,4.65,5.05,5.45,3.50,1850,223,8.3,0.00%,"15:55 ET"
CVE,9.1,Call,10.00,01/15/21,497,1.35,1.43,1.50,1.40,5000,606,8.25,38.87%,"13:28 ET"
MGM,28.42,Call,29.00,09/13/19,7,0.10,0.11,0.12,0.12,1054,128,8.23,20.75%,"14:25 ET"
ROKU,170.02,Call,177.50,09/13/19,7,2.60,2.65,2.69,2.64,1185,145,8.17,59.24%,"15:57 ET"
BILI,14.52,Call,30.00,01/15/21,497,0.70,0.77,0.85,0.83,985,122,8.07,53.61%,"14:55 ET"
AMZN,1834.1,Call,1837.50,09/06/19,0,0.38,0.41,0.43,0.37,3290,424,7.76,0.00%,"15:58 ET"
MU,48.97,Put,50.00,09/06/19,0,0.97,1,1.02,1.09,3258,426,7.65,0.00%,"15:21 ET"
AMGN,207.57,Call,207.50,09/13/19,7,2.78,2.86,2.94,2.92,1319,173,7.62,24.53%,"15:31 ET"
AMZN,1834.1,Put,1835.00,09/06/19,0,2.96,3.28,3.60,3.01,4049,534,7.58,0.00%,"15:59 ET"
UBER,31.96,Put,30.50,09/20/19,14,0.45,0.48,0.50,0.45,1030,136,7.57,42.46%,"15:35 ET"
LYFT,44.97,Put,42.00,09/13/19,7,0.25,0.3,0.35,0.30,1103,146,7.55,52.93%,"15:34 ET"
CAT,122.59,Put,122.00,09/13/19,7,1.17,1.19,1.21,1.14,1393,185,7.53,21.08%,"15:39 ET"
CARB,15.39,Call,17.50,10/18/19,42,0.45,0.75,1.05,0.60,835,111,7.52,64.09%,"15:52 ET"
AMZN,1834.1,Call,1835.00,09/06/19,0,0.98,1.06,1.13,0.89,6094,814,7.49,0.00%,"15:59 ET"
COST,304.14,Call,302.50,09/13/19,7,3.80,3.88,3.95,3.73,1635,219,7.47,16.22%,"16:03 ET"
UBER,31.96,Put,32.00,09/13/19,7,0.70,0.73,0.75,0.73,1545,212,7.29,41.39%,"15:48 ET"
SNAP,16.58,Put,16.00,09/27/19,21,0.45,0.46,0.46,0.45,1976,274,7.21,45.58%,"15:44 ET"
LULU,202.72,Call,202.50,09/13/19,7,3.50,3.55,3.60,3.45,2093,292,7.17,28.86%,"15:47 ET"
LULU,202.72,Put,195.00,09/20/19,14,1.63,1.69,1.75,1.69,763,107,7.13,29.83%,"15:48 ET"
FRO,8.5,Call,10.00,02/21/20,168,0.55,0.6,0.65,0.65,1524,214,7.12,49.76%,"15:23 ET"
TWLO,124.5,Call,127.00,09/06/19,0,0.00,0.04,0.07,0.02,711,100,7.11,0.00%,"15:35 ET"
WPM,28.92,Call,29.00,09/27/19,21,0.98,1.01,1.04,1.08,1070,151,7.09,39.83%,"14:51 ET"
AAL,27.81,Put,22.50,09/20/19,14,0.00,0.02,0.03,0.03,1215,172,7.06,56.87%,"14:12 ET"
CGC,27.69,Put,26.50,09/20/19,14,0.84,0.86,0.87,0.90,2125,302,7.04,67.88%,"15:07 ET"
CGC,27.69,Put,28.00,09/06/19,0,0.26,0.3,0.34,0.30,1282,186,6.89,0.00%,"16:02 ET"
LULU,202.72,Put,192.50,09/06/19,0,0.00,0.01,0.02,0.01,779,114,6.83,0.00%,"15:48 ET"
WDC,62.17,Call,61.00,09/13/19,7,1.95,1.98,2.00,1.95,1612,240,6.72,37.17%,"15:37 ET"
ROKU,170.02,Put,167.50,09/06/19,0,0.02,0.03,0.03,0.02,9061,1369,6.62,0.00%,"15:57 ET"
TSLA,228.59,Put,227.50,09/13/19,7,4.35,4.4,4.45,4.38,1639,248,6.61,39.50%,"16:02 ET"
BMY,48.32,Call,48.50,09/13/19,7,0.45,0.48,0.50,0.48,1088,165,6.59,20.82%,"15:55 ET"
WFC,47.29,Put,46.50,09/20/19,14,0.43,0.44,0.45,0.46,3270,496,6.59,22.33%,"15:38 ET"
GM,38.72,Call,40.00,10/18/19,42,0.69,0.7,0.70,0.70,11503,1748,6.58,22.58%,"15:47 ET"
UBER,31.96,Call,32.00,09/13/19,7,0.65,0.68,0.70,0.68,1394,213,6.54,38.41%,"15:49 ET"
AMZN,1834.1,Put,1830.00,09/06/19,0,0.56,0.63,0.70,0.69,6620,1012,6.54,0.00%,"15:59 ET"
AOBC,6.08,Put,6.00,10/18/19,42,0.35,0.4,0.45,0.40,1048,161,6.51,55.18%,"14:51 ET"
ADI,112.85,Put,105.00,10/18/19,42,1.50,1.58,1.65,1.60,1012,156,6.49,30.91%,"12:43 ET"
HD,231.14,Put,230.00,09/06/19,0,0.00,0.02,0.03,0.02,1088,168,6.48,0.00%,"15:54 ET"
ROKU,170.02,Put,165.00,09/06/19,0,0.01,0.02,0.02,0.01,11275,1741,6.48,0.00%,"15:56 ET"
SPWR,12.78,Put,12.00,09/13/19,7,0.12,0.13,0.14,0.11,665,103,6.46,56.40%,"15:55 ET"
PYPL,110.29,Call,116.00,10/04/19,28,0.65,0.67,0.69,0.75,695,108,6.44,21.84%,"15:21 ET"
AAPL,213.91,Put,212.50,09/06/19,0,0.02,0.03,0.03,0.02,29287,4555,6.43,0.00%,"15:57 ET"
LK,20.7,Call,20.00,09/13/19,7,0.85,0.95,1.05,0.95,2073,324,6.4,52.65%,"15:58 ET"
BYND,155.07,Call,160.00,09/13/19,7,1.50,1.58,1.65,1.60,2577,403,6.39,39.37%,"16:01 ET"
PANW,217.53,Put,212.50,09/06/19,0,0.01,0.02,0.03,0.01,807,127,6.35,0.00%,"15:45 ET"
ODP,1.53,Call,2.00,10/18/19,42,0.05,0.07,0.08,0.05,8712,1375,6.34,86.05%,"15:36 ET"
M,15.45,Put,15.00,01/17/20,133,1.74,1.76,1.77,1.77,19578,3091,6.33,55.65%,"15:48 ET"
COST,304.14,Call,305.00,09/13/19,7,2.45,2.49,2.52,2.48,3750,593,6.32,16.65%,"16:02 ET"
NVTA,21.61,Call,30.00,06/18/21,651,5.80,5.95,6.10,5.65,1459,234,6.24,68.05%,"15:38 ET"
BYND,155.07,Call,155.00,09/06/19,0,0.35,0.45,0.55,0.40,2821,454,6.21,0.00%,"16:01 ET"
SHOP,384.02,Put,385.00,09/06/19,0,2.00,2.43,2.85,2.90,2594,419,6.19,0.00%,"15:59 ET"
SQ,62.34,Call,80.00,09/27/19,21,0.04,0.05,0.05,0.05,1053,171,6.16,49.49%,"15:58 ET"
TWLO,124.5,Put,125.00,09/13/19,7,3.00,3.05,3.10,2.89,667,109,6.12,38.29%,"15:43 ET"
MLCO,20.99,Call,20.00,09/20/19,14,1.15,1.23,1.30,1.30,648,106,6.11,43.73%,"15:13 ET"
V,186.28,Put,177.50,09/13/19,7,0.23,0.25,0.26,0.25,4241,701,6.05,25.62%,"15:48 ET"
DOCU,55.9,Call,65.00,12/20/19,105,1.70,1.78,1.85,1.77,1121,186,6.03,39.73%,"15:03 ET"
GOOG,1209.27,Put,1210.00,09/06/19,0,0.35,1.48,2.60,2.00,613,102,6.01,0.00%,"15:57 ET"
LULU,202.72,Call,207.50,09/13/19,7,1.45,1.48,1.51,1.50,1706,284,6.01,29.05%,"15:50 ET"
AMZN,1834.1,Put,1840.00,09/06/19,0,7.00,7.33,7.65,6.83,1898,317,5.99,0.00%,"15:58 ET"
MU,48.97,Put,49.50,09/13/19,7,1.18,1.19,1.20,1.21,1026,172,5.97,34.30%,"15:43 ET"
BYND,155.07,Put,152.50,09/06/19,0,0.00,0.03,0.05,0.01,5883,989,5.95,0.00%,"15:56 ET"
CLDR,8.85,Call,8.50,10/04/19,28,0.65,0.7,0.75,0.70,592,100,5.92,51.97%,"15:51 ET"
M,15.45,Put,16.50,09/13/19,7,1.47,1.51,1.54,1.44,1000,170,5.88,88.79%,"13:51 ET"
AMZN,1834.1,Put,1817.50,09/06/19,0,0.01,0.03,0.05,0.01,1266,216,5.86,0.00%,"15:57 ET"
NFLX,291.52,Call,292.50,09/06/19,0,0.03,0.06,0.08,0.05,10025,1714,5.85,0.00%,"15:52 ET"
TWTR,45.6,Call,46.00,09/13/19,7,0.55,0.56,0.57,0.55,6182,1072,5.77,29.00%,"15:49 ET"
MSFT,139.55,Call,133.00,09/13/19,7,6.75,6.8,6.85,6.36,1509,262,5.76,4.80%,"13:35 ET"
AMZN,1834.1,Put,1825.00,09/06/19,0,0.09,0.1,0.10,0.10,3989,694,5.75,0.00%,"15:59 ET"
BYND,155.07,Put,145.00,09/13/19,7,1.35,1.38,1.40,1.41,1482,260,5.7,59.89%,"16:01 ET"
TME,12.97,Call,17.00,01/15/21,497,1.00,1.15,1.30,1.02,1540,271,5.68,35.22%,"14:08 ET"
COST,304.14,Call,305.00,09/06/19,0,0.00,0.02,0.03,0.02,6503,1155,5.63,0.00%,"16:03 ET"
FB,187.95,Call,187.50,09/13/19,7,2.54,2.55,2.57,2.62,7400,1319,5.61,22.18%,"15:55 ET"
ALLY,32.57,Put,31.00,12/20/19,105,1.10,1.15,1.20,1.15,1076,193,5.58,28.14%,"15:41 ET"
ATVI,54.78,Put,57.50,11/15/19,70,5.05,5.1,5.15,5.25,900,162,5.56,39.72%,"12:30 ET"
SHOP,384.02,Put,387.50,09/06/19,0,4.60,5.05,5.50,4.92,673,122,5.52,0.00%,"15:56 ET"
ZNGA,5.87,Call,6.00,09/27/19,21,0.16,0.18,0.19,0.18,934,170,5.49,42.45%,"15:11 ET"
INTC,50.9,Put,46.00,03/20/20,196,2.17,2.19,2.21,2.18,1017,186,5.47,31.09%,"15:04 ET"
CRWD,76.2,Put,78.00,09/06/19,0,1.65,1.93,2.20,1.65,611,112,5.46,0.00%,"15:49 ET"
LOW,114.46,Call,114.00,09/13/19,7,1.68,1.71,1.73,1.54,648,119,5.45,19.51%,"15:26 ET"
MA,292.02,Call,300.00,09/13/19,7,0.83,0.85,0.87,0.86,2214,406,5.45,21.05%,"15:47 ET"
ETSY,48.12,Call,50.00,09/20/19,14,0.90,0.93,0.95,0.94,1637,305,5.37,45.70%,"15:51 ET"
ABBV,67.68,Call,65.00,09/13/19,7,2.78,2.82,2.85,2.80,602,113,5.33,22.64%,"15:53 ET"
FB,187.95,Put,187.50,09/06/19,0,0.04,0.05,0.06,0.04,11777,2231,5.28,0.00%,"15:55 ET"
OMI,7.05,Put,5.00,12/20/19,105,0.35,0.43,0.50,0.45,1010,192,5.26,97.43%,"15:39 ET"
LYFT,44.97,Call,45.00,09/13/19,7,1.20,1.25,1.30,1.20,4830,918,5.26,48.75%,"15:44 ET"
COST,304.14,Put,297.50,09/13/19,7,0.88,0.9,0.92,0.90,556,106,5.25,19.43%,"15:53 ET"
INTC,50.9,Put,50.00,11/15/19,70,2.13,2.14,2.14,2.11,1180,225,5.24,29.92%,"14:45 ET"
ALLY,32.57,Put,33.00,12/20/19,105,1.95,2.03,2.10,2.00,670,129,5.19,27.05%,"15:41 ET"
LRCX,228.21,Put,230.00,09/06/19,0,1.81,1.91,2.00,1.75,919,177,5.19,0.00%,"15:10 ET"
NXPI,105.94,Call,109.00,09/20/19,14,1.03,1.05,1.07,1.06,834,161,5.18,26.65%,"15:44 ET"
AAPL,213.91,Put,152.50,09/13/19,7,0.00,0.02,0.04,0.01,1036,200,5.18,83.37%,"15:52 ET"
FIT,3.49,Call,4.00,11/15/19,70,0.22,0.23,0.23,0.23,12272,2371,5.18,67.30%,"15:55 ET"
ROKU,170.02,Call,170.00,09/06/19,0,0.16,0.18,0.20,0.24,22985,4435,5.18,0.00%,"15:58 ET"
AOBC,6.08,Call,6.50,09/13/19,7,0.10,0.13,0.15,0.10,620,120,5.17,72.90%,"13:44 ET"
NVDA,179.28,Call,195.00,09/13/19,7,0.11,0.12,0.13,0.11,1107,214,5.17,32.92%,"15:30 ET"
CARB,15.39,Call,17.50,09/20/19,14,0.20,0.33,0.45,0.45,521,101,5.16,97.12%,"16:01 ET"
GM,38.72,Call,39.00,09/06/19,0,0.00,0.01,0.02,0.02,1114,216,5.16,0.00%,"14:24 ET"
QURE,43.83,Put,45.00,10/18/19,42,3.90,4.15,4.40,3.80,1009,196,5.15,59.85%,"14:06 ET"
ZM,86.96,Call,100.00,09/13/19,7,0.00,0.03,0.05,0.04,1644,322,5.11,48.49%,"15:02 ET"
TAST,8.18,Call,10.00,12/20/19,105,0.10,0.22,0.35,0.35,1505,296,5.08,49.56%,"15:55 ET"
TSLA,228.59,Put,237.50,09/13/19,7,10.60,10.7,10.80,10.70,568,112,5.07,40.31%,"16:02 ET"
BOX,17.34,Call,20.00,10/18/19,42,0.20,0.25,0.30,0.24,876,175,5.01,42.85%,"15:47 ET"
LB,16.71,Call,17.50,09/13/19,7,0.10,0.15,0.20,0.15,1091,218,5,46.59%,"15:37 ET"
MET,46.28,Call,46.50,09/13/19,7,0.44,0.45,0.46,0.46,803,161,4.99,21.13%,"15:46 ET"
ZNGA,5.87,Call,6.00,11/15/19,70,0.44,0.46,0.48,0.44,2461,498,4.94,48.06%,"15:53 ET"
FL,39.53,Call,40.00,09/06/19,0,0.00,0.03,0.05,0.14,541,110,4.92,0.00%,"12:23 ET"
CME,223.81,Call,175.00,09/20/19,14,48.20,48.7,49.20,48.30,520,106,4.91,0.00%,"16:01 ET"
LYFT,44.97,Call,47.50,09/13/19,7,0.35,0.4,0.45,0.40,579,118,4.91,50.39%,"15:49 ET"
CME,223.81,Put,210.00,10/18/19,42,1.90,1.95,2.00,2.00,1298,265,4.9,23.66%,"16:01 ET"
ZM,86.96,Call,90.00,09/13/19,7,1.10,1.18,1.25,1.20,724,149,4.86,50.59%,"15:47 ET"
WYNN,111.85,Put,112.00,09/06/19,0,0.21,0.24,0.27,0.23,896,185,4.84,0.00%,"15:51 ET"
QSR,75.77,Call,82.50,10/18/19,42,0.30,0.38,0.45,0.37,1330,275,4.84,21.66%,"14:32 ET"
MO,44.09,Call,45.00,09/13/19,7,0.22,0.26,0.30,0.29,3110,642,4.84,26.13%,"15:51 ET"
VRTX,181.9,Put,177.50,09/20/19,14,1.65,1.73,1.80,2.35,506,105,4.82,30.69%,"10:57 ET"
NEM,38.74,Put,39.00,09/20/19,14,1.05,1.07,1.08,1.09,1130,235,4.81,31.64%,"15:49 ET"
AMZN,1834.1,Call,1837.50,09/13/19,7,15.60,15.75,15.90,15.80,604,126,4.79,16.71%,"15:59 ET"
JD,31.18,Put,27.50,09/20/19,14,0.07,0.08,0.09,0.08,1368,286,4.78,43.45%,"15:03 ET"
CAT,122.59,Put,123.00,09/06/19,0,0.37,0.45,0.52,0.40,3670,770,4.77,0.00%,"15:53 ET"
LYFT,44.97,Call,45.00,09/06/19,0,0.00,0.03,0.05,0.10,1920,403,4.76,0.00%,"15:35 ET"
ACM,37.58,Call,37.50,10/18/19,42,1.45,1.53,1.60,1.58,2534,534,4.75,29.46%,"13:07 ET"
TRGP,37.4,Call,38.00,10/18/19,42,1.35,1.43,1.50,1.45,2360,498,4.74,34.17%,"15:34 ET"
AMZN,1834.1,Call,1842.50,09/06/19,0,0.05,0.08,0.10,0.07,2527,533,4.74,0.00%,"15:58 ET"
AEO,16.15,Call,17.50,09/13/19,7,0.00,0.05,0.10,0.08,788,167,4.72,51.70%,"13:13 ET"
CGC,27.69,Call,28.00,09/13/19,7,0.64,0.65,0.65,0.66,1668,356,4.69,51.16%,"16:02 ET"
MMM,163.79,Put,155.00,06/19/20,287,10.75,10.9,11.05,11.05,604,129,4.68,28.87%,"14:24 ET"
TBPH,21.76,Call,22.50,09/20/19,14,0.00,0.48,0.95,0.60,1085,232,4.68,54.24%,"15:12 ET"
TWLO,124.5,Call,132.00,09/13/19,7,0.43,0.44,0.45,0.42,710,152,4.67,37.11%,"15:44 ET"
LLY,113.89,Call,117.00,09/13/19,7,0.24,0.27,0.29,0.28,555,119,4.66,19.67%,"15:19 ET"
COST,304.14,Call,302.50,09/06/19,0,1.26,1.34,1.42,1.25,4630,994,4.66,0.00%,"16:03 ET"
MNK,1.88,Call,2.00,09/06/19,0,0.00,0.03,0.05,0.05,1774,385,4.61,0.00%,"15:15 ET"
MA,292.02,Put,292.50,09/06/19,0,0.37,0.44,0.51,0.51,523,114,4.59,0.00%,"15:47 ET"
WDC,62.17,Call,62.50,09/06/19,0,0.01,0.03,0.05,0.03,2069,452,4.58,0.00%,"14:55 ET"
SHOP,384.02,Put,382.50,09/06/19,0,0.65,0.73,0.80,0.89,1032,226,4.57,0.00%,"15:58 ET"
HD,231.14,Call,235.00,09/20/19,14,2.05,2.07,2.08,2.05,5538,1216,4.55,19.65%,"15:58 ET"
CGC,27.69,Call,28.00,09/06/19,0,0.01,0.03,0.04,0.01,2968,656,4.52,0.00%,"15:47 ET"
FB,187.95,Call,187.50,09/06/19,0,0.44,0.46,0.48,0.55,23747,5254,4.52,0.00%,"15:55 ET"
BYND,155.07,Put,150.00,09/13/19,7,2.75,2.83,2.90,2.77,2676,595,4.5,59.35%,"16:01 ET"
ATVI,54.78,Call,57.50,10/18/19,42,1.32,1.33,1.33,1.30,9931,2205,4.5,31.22%,"16:00 ET"
ZEN,78.69,Put,77.50,09/20/19,14,1.65,1.7,1.75,1.80,1136,253,4.49,38.65%,"15:47 ET"
LULU,202.72,Call,200.00,10/18/19,42,9.40,9.55,9.70,9.52,1791,399,4.49,28.46%,"15:46 ET"
CHD,76.02,Put,65.00,04/17/20,224,1.65,1.78,1.90,1.63,540,122,4.43,26.12%,"11:24 ET"
BABA,176.94,Call,180.00,12/20/19,105,11.10,11.18,11.25,11.20,1036,235,4.41,32.00%,"15:56 ET"
HTZ,12.41,Put,15.00,01/15/21,497,4.30,4.7,5.10,4.76,3006,683,4.4,57.99%,"15:11 ET"
LULU,202.72,Put,190.00,09/06/19,0,0.00,0.01,0.02,0.02,1142,261,4.38,0.00%,"15:32 ET"
CME,223.81,Call,185.00,09/20/19,14,38.30,38.95,39.60,38.50,3502,800,4.38,0.00%,"16:02 ET"
AMZN,1834.1,Put,1845.00,09/06/19,0,11.70,12.2,12.70,11.87,624,143,4.36,0.00%,"15:58 ET"
MAS,41.79,Call,43.00,09/20/19,14,0.35,0.43,0.50,0.45,3369,774,4.35,27.61%,"15:04 ET"
SPWR,12.78,Put,13.00,09/13/19,7,0.46,0.5,0.53,0.52,530,122,4.34,58.30%,"15:50 ET"
BA,362.9,Put,360.00,09/06/19,0,0.02,0.03,0.04,0.03,2116,490,4.32,0.00%,"15:59 ET"
BA,362.9,Put,352.50,09/20/19,14,3.20,3.28,3.35,3.25,810,188,4.31,26.37%,"15:52 ET"
ICE,95.1,Call,95.00,12/20/19,105,3.50,3.9,4.30,4.33,1316,305,4.31,19.44%,"14:08 ET"
BITA,12.98,Call,15.00,01/17/20,133,1.35,1.43,1.50,1.40,1178,274,4.3,66.86%,"16:01 ET"
COST,304.14,Call,300.00,09/13/19,7,5.50,5.58,5.65,5.50,1828,425,4.3,16.92%,"16:03 ET"
MU,48.97,Put,49.50,09/20/19,14,1.58,1.59,1.60,1.63,671,157,4.27,35.65%,"14:25 ET"
ZM,86.96,Call,90.00,09/06/19,0,0.00,0.03,0.05,0.01,1417,332,4.27,0.00%,"15:33 ET"
ABT,86.13,Call,86.50,09/20/19,14,0.99,1,1.00,1.03,1026,241,4.26,17.36%,"15:48 ET"
SQ,62.34,Put,63.00,09/13/19,7,1.61,1.64,1.66,1.64,1053,247,4.26,32.72%,"15:55 ET"
AMZN,1834.1,Put,1835.00,09/13/19,7,18.00,18.2,18.40,18.15,687,162,4.24,17.99%,"15:57 ET"
COST,304.14,Call,315.00,09/06/19,0,0.00,0.01,0.01,0.02,815,192,4.24,0.00%,"11:06 ET"
AMZN,1834.1,Put,1840.00,09/13/19,7,20.70,20.8,20.90,20.90,822,194,4.24,18.11%,"15:59 ET"
BYND,155.07,Call,157.50,09/06/19,0,0.00,0.03,0.05,0.02,1890,446,4.24,0.00%,"16:01 ET"
MSFT,139.55,Call,140.00,09/13/19,7,1.15,1.16,1.17,1.10,17973,4235,4.24,16.38%,"15:51 ET"
TWTR,45.6,Put,45.50,09/06/19,0,0.05,0.06,0.06,0.06,952,225,4.23,0.00%,"15:49 ET"
NVDA,179.28,Call,192.50,09/13/19,7,0.19,0.2,0.21,0.20,1361,325,4.19,32.33%,"15:44 ET"
BYND,155.07,Put,140.00,09/13/19,7,0.65,0.68,0.70,0.70,943,226,4.17,62.24%,"15:58 ET"
TLRY,32.16,Call,28.00,09/20/19,14,4.25,4.35,4.45,4.43,2351,564,4.17,57.52%,"16:02 ET"
CME,223.81,Call,195.00,09/20/19,14,28.20,28.75,29.30,28.20,1007,242,4.16,0.00%,"16:01 ET"
TWLO,124.5,Call,128.00,09/06/19,0,0.00,0.04,0.07,0.02,817,197,4.15,0.00%,"15:18 ET"
LULU,202.72,Call,210.00,09/13/19,7,0.89,0.91,0.93,0.88,2110,509,4.15,28.66%,"15:48 ET"
OXY,45.53,Call,30.00,01/15/21,497,15.25,15.5,15.75,15.45,1366,331,4.13,12.03%,"15:19 ET"
TLRY,32.16,Call,45.00,01/17/20,133,1.74,1.88,2.02,1.85,2052,498,4.12,67.71%,"14:58 ET"
AXTA,30.29,Call,35.00,01/17/20,133,0.80,0.9,1.00,0.82,1250,306,4.08,31.02%,"15:55 ET"
PANW,217.53,Call,217.50,09/06/19,0,0.13,0.14,0.14,0.14,1282,314,4.08,0.00%,"15:52 ET"
BYND,155.07,Call,155.00,09/13/19,7,3.30,3.35,3.40,3.30,2276,558,4.08,36.30%,"16:01 ET"
ROKU,170.02,Call,172.50,09/06/19,0,0.02,0.03,0.04,0.02,11419,2807,4.07,0.00%,"15:56 ET"
AAPL,213.91,Put,187.50,09/27/19,21,0.35,0.36,0.36,0.40,1302,321,4.06,34.91%,"14:06 ET"
CGC,27.69,Put,27.00,09/13/19,7,0.61,0.62,0.63,0.62,596,147,4.05,62.26%,"15:54 ET"
AMGN,207.57,Put,202.50,09/13/19,7,1.01,1.06,1.11,1.13,926,229,4.04,26.96%,"15:27 ET"
LULU,202.72,Call,230.00,01/17/20,133,7.50,7.6,7.70,7.10,556,138,4.03,32.55%,"13:57 ET"
BA,362.9,Call,377.50,09/13/19,7,0.43,0.44,0.45,0.45,710,176,4.03,21.13%,"15:56 ET"
GCO,36.09,Call,40.00,09/20/19,14,0.05,0.2,0.35,0.25,725,180,4.03,48.62%,"15:52 ET"
KMX,85.82,Call,92.50,10/18/19,42,1.45,1.53,1.60,1.50,952,236,4.03,32.28%,"16:02 ET"
DIS,139.67,Put,139.00,09/06/19,0,0.01,0.02,0.03,0.03,868,217,4,0.00%,"15:20 ET"
V,186.28,Call,190.00,09/27/19,21,1.37,1.4,1.42,1.46,574,144,3.99,15.95%,"15:30 ET"
DXC,34.28,Call,37.00,10/18/19,42,1.05,1.13,1.20,1.13,867,218,3.98,45.90%,"15:42 ET"
LRCX,228.21,Call,240.00,09/20/19,14,1.29,1.32,1.34,1.31,1245,314,3.96,28.18%,"15:47 ET"
BYND,155.07,Put,150.00,09/06/19,0,0.00,0.03,0.05,0.03,6453,1632,3.95,0.00%,"15:44 ET"
CGC,27.69,Put,25.50,09/20/19,14,0.56,0.57,0.58,0.57,562,143,3.93,68.29%,"12:41 ET"
BYND,155.07,Call,140.00,11/15/19,70,14.80,15.35,15.90,15.35,746,190,3.93,4.78%,"15:49 ET"
OXY,45.53,Call,43.00,09/13/19,7,2.46,2.49,2.52,2.47,565,144,3.92,9.78%,"14:58 ET"
LULU,202.72,Call,207.50,09/06/19,0,0.00,0.01,0.02,0.01,3976,1017,3.91,0.00%,"15:43 ET"
ENDP,3.45,Call,3.00,09/13/19,7,0.45,0.5,0.55,0.54,790,206,3.83,205.18%,"15:53 ET"
CRWD,76.2,Put,75.00,09/13/19,7,2.15,2.25,2.35,2.16,892,233,3.83,62.99%,"15:46 ET"
LULU,202.72,Call,202.50,09/20/19,14,4.60,4.7,4.80,4.75,958,250,3.83,28.37%,"15:49 ET"
CME,223.81,Call,190.00,09/20/19,14,32.70,33.6,34.50,34.50,4238,1107,3.83,53.15%,"16:02 ET"
AAPL,213.91,Put,212.50,09/13/19,7,2.03,2.04,2.04,2.02,9317,2434,3.83,22.98%,"15:56 ET"
AMZN,1834.1,Call,1845.00,09/06/19,0,0.03,0.05,0.06,0.03,5397,1411,3.82,0.00%,"15:58 ET"
CME,223.81,Call,200.00,09/20/19,14,23.30,23.7,24.10,24.00,7082,1854,3.82,21.99%,"16:02 ET"
ULTA,234.95,Call,230.00,09/06/19,0,3.60,3.9,4.20,4.20,564,148,3.81,0.00%,"16:00 ET"
ADVM,12.22,Put,7.50,10/18/19,42,0.85,0.9,0.95,0.90,691,182,3.8,204.73%,"14:21 ET"
CRM,151.76,Call,150.00,09/13/19,7,3.10,3.15,3.20,3.10,1090,287,3.8,23.07%,"15:34 ET"
ZM,86.96,Call,92.50,09/20/19,14,1.15,1.23,1.30,2.00,516,137,3.77,60.55%,"13:34 ET"
CME,223.81,Call,180.00,09/20/19,14,43.20,43.6,44.00,44.10,930,247,3.77,52.76%,"16:02 ET"
LULU,202.72,Call,200.00,09/13/19,7,4.85,4.95,5.05,4.90,3981,1060,3.76,29.00%,"15:48 ET"
TEVA,7,Call,7.00,09/13/19,7,0.24,0.25,0.26,0.25,7368,1965,3.75,64.32%,"15:58 ET"
ADBE,286.44,Put,287.50,09/06/19,0,1.05,1.18,1.31,1.30,984,263,3.74,0.00%,"15:57 ET"
CGC,27.69,Call,29.00,09/13/19,7,0.35,0.36,0.37,0.38,900,241,3.73,55.64%,"16:02 ET"
V,186.28,Put,172.50,09/20/19,14,0.22,0.24,0.25,0.21,1668,447,3.73,25.01%,"15:04 ET"
SLB,34.25,Put,32.00,09/20/19,14,0.19,0.2,0.21,0.20,1012,272,3.72,36.06%,"15:07 ET"
BYND,155.07,Call,140.00,01/17/20,133,15.50,15.95,16.40,15.75,780,210,3.71,0.00%,"16:02 ET"
CME,223.81,Call,215.00,09/13/19,7,8.40,8.85,9.30,8.20,1214,328,3.7,0.00%,"16:03 ET"
TSLA,228.59,Call,227.50,09/13/19,7,5.00,5.05,5.10,5.05,2356,639,3.69,34.95%,"16:01 ET"
MO,44.09,Put,43.00,09/13/19,7,0.53,0.56,0.59,0.57,4015,1090,3.68,42.69%,"15:49 ET"
BYND,155.07,Call,162.50,09/13/19,7,1.10,1.13,1.15,1.05,1668,454,3.67,40.17%,"16:00 ET"
MA,292.02,Call,310.00,10/18/19,42,1.86,1.88,1.90,1.90,1582,433,3.65,18.66%,"14:30 ET"
CRWD,76.2,Call,85.00,09/13/19,7,0.25,0.3,0.35,0.30,938,259,3.62,61.44%,"15:43 ET"
VNET,8.44,Call,9.00,10/18/19,42,0.15,0.25,0.35,0.20,617,171,3.61,34.92%,"12:38 ET"
KHC,27.26,Put,22.50,11/15/19,70,0.25,0.28,0.30,0.28,1003,278,3.61,39.69%,"15:47 ET"
LULU,202.72,Call,210.00,10/18/19,42,4.75,4.85,4.95,4.80,1110,308,3.6,27.51%,"15:48 ET"
AMZN,1834.1,Call,1840.00,09/06/19,0,0.13,0.15,0.16,0.12,9261,2581,3.59,0.00%,"15:59 ET"
HD,231.14,Call,240.00,09/27/19,21,1.25,1.31,1.37,1.33,577,161,3.58,19.18%,"15:49 ET"
PD,33.61,Call,40.00,10/18/19,42,0.80,0.9,1.00,0.80,679,190,3.57,60.08%,"15:53 ET"
HD,231.14,Call,235.00,09/13/19,7,1.03,1.06,1.09,1.06,2027,570,3.56,19.36%,"15:58 ET"
SWKS,80,Call,82.50,10/18/19,42,2.00,2.05,2.10,2.02,653,184,3.55,27.52%,"16:01 ET"
SQ,62.34,Call,63.50,09/13/19,7,0.55,0.56,0.56,0.55,1285,362,3.55,32.14%,"16:00 ET"
OXY,45.53,Call,45.50,09/06/19,0,0.04,0.06,0.07,0.09,1518,428,3.55,0.00%,"15:38 ET"
GT,12.18,Call,13.00,01/17/20,133,0.75,0.8,0.85,0.80,2563,721,3.55,37.48%,"15:22 ET"
AMZN,1834.1,Put,1820.00,09/06/19,0,0.03,0.04,0.05,0.05,3122,883,3.54,0.00%,"15:59 ET"
BYND,155.07,Put,155.00,09/06/19,0,0.15,0.22,0.30,0.30,8507,2403,3.54,0.00%,"16:01 ET"
AMZN,1834.1,Call,1870.00,09/13/19,7,4.60,4.75,4.90,4.79,1034,294,3.52,16.37%,"15:57 ET"
TWTR,45.6,Put,37.00,12/20/19,105,1.04,1.08,1.12,1.10,1781,506,3.52,46.54%,"13:53 ET"
CIEN,39.73,Put,39.50,09/06/19,0,0.00,0.02,0.04,0.01,693,198,3.5,0.00%,"16:00 ET"
TWTR,45.6,Put,45.50,09/20/19,14,1.10,1.11,1.12,1.10,584,168,3.48,32.54%,"15:49 ET"
GBT,50.81,Call,60.00,12/20/19,105,2.10,2.25,2.40,2.67,1106,318,3.48,52.00%,"12:54 ET"
OXY,45.53,Call,42.00,09/20/19,14,3.45,3.5,3.55,3.60,550,159,3.46,28.91%,"14:48 ET"
DOW,43.3,Call,47.50,01/15/21,497,3.60,3.8,4.00,3.90,503,147,3.42,25.05%,"12:51 ET"
ZM,86.96,Put,86.00,09/06/19,0,0.05,0.08,0.10,0.05,540,158,3.42,0.00%,"15:53 ET"
NFLX,291.52,Put,290.00,09/06/19,0,0.02,0.03,0.03,0.04,8952,2615,3.42,0.00%,"15:52 ET"
MA,292.02,Put,272.50,09/20/19,14,0.63,0.64,0.65,0.64,573,168,3.41,26.99%,"15:44 ET"
ROKU,170.02,Call,200.00,09/13/19,7,0.20,0.22,0.24,0.21,751,220,3.41,64.18%,"15:51 ET"
BA,362.9,Call,367.50,09/13/19,7,2.55,2.58,2.61,2.55,909,268,3.39,22.11%,"15:59 ET"
GM,38.72,Put,38.50,09/06/19,0,0.00,0.01,0.01,0.02,1021,301,3.39,0.00%,"14:54 ET"
LULU,202.72,Call,205.00,09/06/19,0,0.00,0.03,0.05,0.04,10028,2978,3.37,0.00%,"15:50 ET"
INTC,50.9,Put,48.50,09/13/19,7,0.09,0.1,0.11,0.12,1052,313,3.36,29.98%,"15:27 ET"
MSFT,139.55,Put,135.00,09/13/19,7,0.27,0.28,0.28,0.27,5073,1511,3.36,21.76%,"15:48 ET"
SNCR,6.49,Put,5.00,12/20/19,105,0.20,0.33,0.45,0.25,555,166,3.34,63.74%,"14:47 ET"
MSFT,139.55,Call,140.00,09/06/19,0,0.02,0.03,0.03,0.02,17881,5351,3.34,0.00%,"15:51 ET"
TSLA,228.59,Put,227.50,09/06/19,0,0.14,0.15,0.15,0.14,5746,1724,3.33,0.00%,"16:03 ET"
DOCU,55.9,Put,52.50,09/20/19,14,0.55,0.58,0.60,0.60,1989,601,3.31,40.35%,"15:51 ET"
TWLO,124.5,Call,130.00,09/13/19,7,0.72,0.73,0.73,0.71,991,300,3.3,36.66%,"15:45 ET"
HD,231.14,Call,250.00,09/20/19,14,0.19,0.2,0.21,0.20,1551,470,3.3,23.26%,"15:57 ET"
LOW,114.46,Call,116.00,09/13/19,7,0.72,0.74,0.76,0.76,649,197,3.29,21.28%,"15:46 ET"
CI,154.15,Call,155.00,09/06/19,0,0.00,0.01,0.01,0.01,1663,506,3.29,0.00%,"15:50 ET"
NFLX,291.52,Call,290.00,09/06/19,0,1.50,1.54,1.57,1.50,8658,2633,3.29,0.00%,"15:52 ET"
CGC,27.69,Call,27.00,09/13/19,7,1.15,1.17,1.19,1.17,1751,534,3.28,49.55%,"15:59 ET"
CRWD,76.2,Call,78.00,09/06/19,0,0.00,0.03,0.05,0.01,3289,1003,3.28,0.00%,"15:43 ET"
COST,304.14,Call,310.00,09/13/19,7,0.84,0.86,0.87,0.82,1073,329,3.26,16.40%,"16:02 ET"
AMD,30.53,Call,30.50,09/06/19,0,0.06,0.07,0.08,0.06,6288,1936,3.25,0.00%,"15:58 ET"
CGC,27.69,Call,27.50,09/13/19,7,0.87,0.88,0.89,0.91,935,289,3.24,51.76%,"16:02 ET"
NFLX,291.52,Call,295.00,09/13/19,7,2.86,2.88,2.90,2.90,2369,731,3.24,26.70%,"15:51 ET"
GLNG,11.65,Call,15.00,12/20/19,105,0.35,0.4,0.45,0.40,2384,738,3.23,53.20%,"15:40 ET"
WORK,27.65,Call,28.00,10/18/19,42,1.75,1.83,1.90,1.80,1187,370,3.21,51.20%,"15:51 ET"
MGM,28.42,Call,28.50,09/20/19,14,0.48,0.49,0.50,0.49,579,181,3.2,23.32%,"14:58 ET"
AMZN,1834.1,Call,1832.50,09/06/19,0,2.05,2.15,2.24,2.00,1831,572,3.2,0.00%,"15:58 ET"
SNAP,16.58,Put,15.00,09/27/19,21,0.18,0.19,0.20,0.20,1135,356,3.19,49.09%,"15:44 ET"
HES,64.24,Put,50.00,11/15/19,70,0.60,0.63,0.65,0.73,1503,471,3.19,49.58%,"10:04 ET"
TRV,153.14,Put,150.00,10/18/19,42,2.50,2.58,2.65,2.50,535,169,3.17,19.34%,"15:15 ET"
BHP,49.13,Call,65.00,11/15/19,70,0.00,0.04,0.07,0.04,2011,634,3.17,29.26%,"13:03 ET"
GOOG,1209.27,Call,1215.00,09/06/19,0,0.00,0.08,0.15,0.06,946,299,3.16,0.00%,"15:56 ET"
CI,154.15,Call,152.50,09/06/19,0,1.67,1.74,1.81,1.76,564,179,3.15,0.00%,"16:00 ET"
TSN,86.04,Call,86.50,09/13/19,7,0.90,0.95,1.00,1.00,826,262,3.15,25.58%,"15:51 ET"
KMX,85.82,Put,75.00,10/18/19,42,0.75,0.8,0.85,0.82,931,296,3.15,39.11%,"16:02 ET"
BYND,155.07,Call,157.50,09/13/19,7,2.25,2.33,2.40,2.30,958,304,3.15,37.67%,"15:50 ET"
GM,38.72,Call,39.50,09/20/19,14,0.36,0.37,0.38,0.37,1090,346,3.15,22.26%,"14:22 ET"
GM,38.72,Put,40.00,09/20/19,14,1.44,1.46,1.49,1.59,10003,3171,3.15,26.64%,"10:26 ET"
MA,292.02,Call,292.50,09/06/19,0,0.04,0.06,0.08,0.07,1033,330,3.13,0.00%,"15:49 ET"
NFLX,291.52,Call,290.00,09/13/19,7,5.40,5.43,5.45,5.35,2322,742,3.13,27.46%,"15:52 ET"
GFI,5.22,Put,5.50,01/17/20,133,0.70,0.72,0.74,0.70,3520,1126,3.13,44.68%,"14:47 ET"
DOCU,55.9,Call,70.00,12/20/19,105,0.80,0.85,0.90,0.82,512,164,3.12,37.63%,"11:39 ET"
NVDA,179.28,Call,182.50,09/06/19,0,0.00,0.01,0.02,0.01,7799,2510,3.11,0.00%,"15:50 ET"
NFLX,291.52,Put,450.00,09/20/19,14,158.10,158.38,158.65,158.20,1120,361,3.1,93.80%,"15:50 ET"
ZM,86.96,Put,85.00,09/13/19,7,1.60,1.65,1.70,1.76,623,202,3.08,54.17%,"15:38 ET"
BIDU,102.99,Put,155.00,09/20/19,14,51.75,51.95,52.15,52.15,1500,487,3.08,107.32%,"15:41 ET"
MSFT,139.55,Put,140.00,11/15/19,70,5.70,5.75,5.80,5.77,2082,676,3.08,23.99%,"15:46 ET"
NVDA,179.28,Call,180.00,09/06/19,0,0.05,0.06,0.07,0.06,14017,4544,3.08,0.00%,"15:49 ET"
OXY,45.53,Call,46.00,09/13/19,7,0.23,0.24,0.25,0.22,537,175,3.07,16.81%,"15:50 ET"
PANW,217.53,Call,217.50,09/13/19,7,3.00,3.08,3.15,3.20,523,171,3.06,26.62%,"15:42 ET"
SHOP,384.02,Call,385.00,09/06/19,0,0.00,0.13,0.25,0.10,856,280,3.06,0.00%,"15:57 ET"
NFLX,291.52,Put,292.50,09/06/19,0,0.98,1.09,1.19,1.08,4119,1347,3.06,0.00%,"15:52 ET"
JD,31.18,Put,31.00,09/13/19,7,0.47,0.48,0.48,0.48,633,208,3.04,31.42%,"15:58 ET"
JPM,112.67,Put,113.00,09/20/19,14,1.68,1.69,1.71,1.74,653,216,3.02,18.05%,"14:26 ET"
ABBV,67.68,Call,68.00,09/06/19,0,0.00,0.02,0.03,0.03,1526,506,3.02,0.00%,"15:55 ET"
SKX,34.71,Call,36.00,10/18/19,42,0.95,1.2,1.45,1.15,884,294,3.01,35.81%,"12:30 ET"
MGM,28.42,Call,28.50,09/06/19,0,0.00,0.01,0.01,0.02,917,305,3.01,0.00%,"15:05 ET"
NFLX,291.52,Put,290.00,09/13/19,7,3.75,3.8,3.85,3.80,1890,628,3.01,28.82%,"15:52 ET"
WPM,28.92,Call,29.50,09/27/19,21,0.75,0.78,0.82,0.81,522,174,3,37.97%,"14:40 ET"
BABA,176.94,Put,177.50,09/06/19,0,0.58,0.61,0.63,0.63,3661,1220,3,0.00%,"16:00 ET"
AAPL,213.91,Call,220.00,09/13/19,7,0.59,0.6,0.60,0.60,20072,6683,3,21.29%,"15:57 ET"
MRK,86.61,Put,86.00,09/20/19,14,1.09,1.1,1.10,1.13,815,273,2.99,21.61%,"15:37 ET"
GOOG,1209.27,Call,1212.50,09/06/19,0,0.00,0.1,0.20,0.11,837,280,2.99,0.00%,"15:56 ET"
TME,12.97,Call,13.00,10/18/19,42,0.55,0.63,0.70,0.60,1716,573,2.99,34.18%,"15:54 ET"
TSLA,228.59,Put,230.00,09/13/19,7,5.50,5.6,5.70,5.54,1644,551,2.98,38.57%,"16:00 ET"
AXTA,30.29,Put,29.00,09/20/19,14,0.35,0.43,0.50,0.40,1804,606,2.98,39.31%,"14:06 ET"
COST,304.14,Call,307.50,09/13/19,7,1.48,1.51,1.53,1.50,1865,629,2.97,16.60%,"16:02 ET"
ADVM,12.22,Put,12.50,09/20/19,14,2.95,3.13,3.30,3.15,3123,1050,2.97,319.28%,"15:44 ET"
WFC,47.29,Call,49.00,09/13/19,7,0.05,0.06,0.06,0.06,705,239,2.95,19.32%,"15:38 ET"
BA,362.9,Call,372.50,09/13/19,7,1.13,1.14,1.15,1.13,771,261,2.95,21.31%,"15:59 ET"
INTC,50.9,Put,48.00,09/27/19,21,0.32,0.33,0.33,0.33,1032,350,2.95,27.84%,"14:44 ET"
AMZN,1834.1,Call,1840.00,10/18/19,42,53.90,54.15,54.40,54.12,714,243,2.94,22.04%,"15:58 ET"
ULTA,234.95,Put,235.00,09/06/19,0,1.10,1.25,1.40,1.30,733,249,2.94,0.00%,"16:02 ET"
RTN,190.03,Call,195.00,10/18/19,42,3.10,3.28,3.45,3.09,1241,427,2.91,18.30%,"15:24 ET"
TWTR,45.6,Put,45.00,09/13/19,7,0.54,0.55,0.55,0.54,1971,678,2.91,32.13%,"15:48 ET"
LYFT,44.97,Call,45.50,09/06/19,0,0.00,0.03,0.05,0.03,810,279,2.9,0.00%,"15:32 ET"
OXY,45.53,Call,44.00,09/20/19,14,1.46,1.51,1.56,1.53,22484,7790,2.89,10.04%,"15:51 ET"
OXY,45.53,Call,40.00,09/20/19,14,5.40,5.5,5.60,5.45,630,219,2.88,11.31%,"15:19 ET"
BAC,27.66,Call,29.00,09/27/19,21,0.13,0.14,0.15,0.14,7206,2505,2.88,20.95%,"15:59 ET"
NVDA,179.28,Put,177.50,09/13/19,7,2.51,2.54,2.56,2.54,1980,689,2.87,34.19%,"15:52 ET"
BA,362.9,Call,365.00,09/06/19,0,0.01,0.02,0.02,0.02,5735,2001,2.87,0.00%,"15:59 ET"
AMZN,1834.1,Call,1850.00,09/06/19,0,0.01,0.02,0.03,0.03,9225,3212,2.87,0.00%,"15:59 ET"
WMT,114.91,Call,115.00,10/04/19,28,2.05,2.07,2.08,2.10,642,225,2.85,16.10%,"15:48 ET"
TWLO,124.5,Call,126.00,09/06/19,0,0.00,0.04,0.07,0.05,800,281,2.85,0.00%,"15:35 ET"
TEVA,7,Call,7.50,09/13/19,7,0.07,0.08,0.09,0.08,6608,2319,2.85,63.75%,"15:54 ET"
AMZN,1834.1,Call,1830.00,09/13/19,7,19.60,19.8,20.00,20.05,998,351,2.84,17.15%,"15:58 ET"
M,15.45,Put,15.50,09/06/19,0,0.10,0.12,0.14,0.07,1979,697,2.84,0.00%,"15:39 ET"
TSLA,228.59,Put,185.00,01/17/20,133,11.45,11.55,11.65,11.40,4514,1602,2.82,57.77%,"15:43 ET"
TWLO,124.5,Call,125.00,09/13/19,7,2.35,2.39,2.43,2.36,582,207,2.81,37.71%,"15:45 ET"
AMZN,1834.1,Put,1815.00,09/06/19,0,0.01,0.03,0.05,0.05,1470,524,2.81,0.00%,"15:58 ET"
JPM,112.67,Put,114.00,09/06/19,0,1.27,1.3,1.33,1.56,630,225,2.8,0.00%,"15:22 ET"
CAT,122.59,Call,125.00,09/13/19,7,0.51,0.52,0.52,0.55,638,229,2.79,21.07%,"15:39 ET"
PDD,35.28,Put,35.00,10/18/19,42,1.85,1.9,1.95,1.90,640,230,2.78,43.85%,"14:27 ET"
WYNN,111.85,Put,111.00,09/06/19,0,0.01,0.02,0.03,0.01,786,283,2.78,0.00%,"15:47 ET"
CGC,27.69,Call,27.50,09/06/19,0,0.14,0.18,0.21,0.20,2100,759,2.77,0.00%,"15:57 ET"
LULU,202.72,Call,205.00,09/20/19,14,3.45,3.5,3.55,3.55,1679,609,2.76,28.09%,"15:49 ET"
OXY,45.53,Call,41.50,09/20/19,14,3.95,4,4.05,4.00,630,229,2.75,16.90%,"15:19 ET"
OKTA,121.9,Put,120.00,09/20/19,14,2.75,2.8,2.85,2.85,1831,668,2.74,40.03%,"15:53 ET"
MU,48.97,Put,49.00,10/18/19,42,2.87,2.89,2.91,2.97,582,213,2.73,45.55%,"15:18 ET"
LULU,202.72,Put,170.00,09/20/19,14,0.08,0.1,0.11,0.10,3380,1246,2.71,43.06%,"15:37 ET"
BYND,155.07,Put,152.50,09/13/19,7,3.70,3.85,4.00,3.87,786,291,2.7,60.94%,"16:00 ET"
TSLA,228.59,Call,227.50,09/06/19,0,0.70,0.78,0.86,0.75,7147,2643,2.7,0.00%,"16:02 ET"
WMT,114.91,Call,125.00,11/15/19,70,0.89,0.9,0.90,0.93,1773,662,2.68,19.30%,"14:35 ET"
MA,292.02,Call,295.00,11/15/19,70,11.10,11.2,11.30,11.10,518,194,2.67,23.37%,"14:17 ET"
TLRY,32.16,Put,32.00,09/06/19,0,0.01,0.03,0.05,0.08,571,214,2.67,0.00%,"16:00 ET"
TGT,110,Put,109.00,09/06/19,0,0.00,0.01,0.01,0.02,922,346,2.66,0.00%,"14:18 ET"
WMT,114.91,Put,114.00,09/20/19,14,1.01,1.02,1.03,1.02,1350,508,2.66,16.49%,"15:51 ET"
AMD,30.53,Call,30.50,09/13/19,7,0.73,0.74,0.74,0.73,3088,1159,2.66,42.36%,"15:58 ET"
AMZN,1834.1,Put,1830.00,09/13/19,7,15.85,15.98,16.10,15.97,729,275,2.65,18.21%,"15:58 ET"
BIDU,102.99,Put,200.00,01/17/20,133,96.65,97.03,97.40,97.15,600,227,2.64,70.91%,"15:41 ET"
PANW,217.53,Call,222.50,09/13/19,7,1.11,1.15,1.18,1.22,613,232,2.64,25.49%,"15:46 ET"
PD,33.61,Put,40.00,10/18/19,42,7.60,7.8,8.00,7.89,680,258,2.64,78.07%,"15:53 ET"
WORK,27.65,Call,28.00,09/20/19,14,1.05,1.08,1.10,1.05,2573,974,2.64,54.90%,"15:48 ET"
SNAP,16.58,Call,16.50,09/06/19,0,0.08,0.09,0.10,0.08,13328,5040,2.64,0.00%,"15:56 ET"
FTCH,9.14,Put,10.00,10/18/19,42,1.30,1.38,1.45,1.35,8244,3133,2.63,67.34%,"14:32 ET"
GS,207.45,Put,205.00,09/06/19,0,0.00,0.02,0.04,0.02,1477,563,2.62,0.00%,"15:48 ET"
OXY,45.53,Call,43.50,09/13/19,7,1.93,2,2.07,1.98,1381,530,2.61,13.17%,"15:32 ET"
BYND,155.07,Call,350.00,09/20/19,14,0.00,0.03,0.05,0.05,763,293,2.6,147.76%,"15:04 ET"
NTES,281.19,Call,280.00,09/06/19,0,0.15,0.28,0.40,0.37,1469,565,2.6,0.00%,"15:51 ET"
BABA,176.94,Call,177.50,09/06/19,0,0.05,0.06,0.07,0.05,7494,2880,2.6,0.00%,"16:00 ET"
RIG,5.07,Put,5.00,09/13/19,7,0.12,0.13,0.14,0.13,540,209,2.58,61.78%,"15:48 ET"
WORK,27.65,Put,20.00,01/17/20,133,0.70,0.77,0.85,0.80,728,282,2.58,59.54%,"15:50 ET"
NVDA,179.28,Call,170.00,10/04/19,28,12.60,12.73,12.85,13.21,1374,532,2.58,39.03%,"15:25 ET"
OXY,45.53,Call,42.50,09/20/19,14,2.96,3.01,3.05,3.04,2724,1054,2.58,19.81%,"15:25 ET"
AAPL,213.91,Put,207.50,09/13/19,7,0.80,0.81,0.81,0.80,5157,1997,2.58,25.71%,"15:56 ET"
BA,362.9,Put,362.50,09/13/19,7,4.35,4.43,4.50,4.35,538,209,2.57,22.83%,"15:55 ET"
LILAK,16.53,Call,17.50,10/18/19,42,0.20,0.3,0.40,0.20,728,284,2.56,23.60%,"11:21 ET"
NVDA,179.28,Put,180.00,09/06/19,0,0.91,0.96,1.01,0.94,4837,1893,2.56,0.00%,"15:52 ET"
MU,48.97,Call,60.00,10/18/19,42,0.26,0.27,0.27,0.25,9964,3923,2.54,40.99%,"15:19 ET"
LULU,202.72,Put,180.00,10/18/19,42,1.29,1.32,1.34,1.35,618,244,2.53,31.95%,"15:40 ET"
GOOGL,1209.99,Call,1207.50,09/06/19,0,1.40,1.67,1.95,1.70,670,265,2.53,0.00%,"15:56 ET"
WFC,47.29,Put,46.50,09/13/19,7,0.24,0.25,0.25,0.23,1839,727,2.53,21.25%,"15:47 ET"
OXY,45.53,Call,45.50,09/20/19,14,0.66,0.67,0.68,0.68,613,243,2.52,18.92%,"15:45 ET"
PANW,217.53,Call,220.00,09/06/19,0,0.00,0.01,0.01,0.01,3128,1240,2.52,0.00%,"15:46 ET"
ROKU,170.02,Put,162.50,09/06/19,0,0.01,0.02,0.02,0.01,4463,1768,2.52,0.00%,"15:56 ET"
CGC,27.69,Call,30.00,09/13/19,7,0.21,0.22,0.23,0.21,1190,475,2.51,58.95%,"16:02 ET"
OXY,45.53,Put,42.50,10/18/19,42,0.94,0.96,0.98,0.95,1650,661,2.5,36.16%,"15:50 ET"
GS,207.45,Call,207.50,09/06/19,0,0.06,0.08,0.10,0.07,1827,732,2.5,0.00%,"15:56 ET"
MSFT,139.55,Put,138.00,09/13/19,7,0.74,0.75,0.75,0.76,1946,779,2.5,18.76%,"15:51 ET"
CI,154.15,Put,150.00,09/13/19,7,0.85,0.87,0.88,0.86,525,211,2.49,29.00%,"15:52 ET"
SHOP,384.02,Call,392.50,09/06/19,0,0.00,0.05,0.10,0.05,652,262,2.49,0.00%,"15:49 ET"
BIDU,102.99,Put,190.00,01/17/20,133,86.80,87.05,87.30,87.20,1200,481,2.49,66.69%,"15:41 ET"
ROKU,170.02,Call,172.50,09/13/19,7,4.35,4.4,4.45,4.40,1937,778,2.49,59.78%,"15:58 ET"
MDR,5.01,Put,5.00,02/21/20,168,1.35,1.4,1.45,1.40,755,305,2.48,108.61%,"15:07 ET"
FB,187.95,Put,187.50,09/13/19,7,2.04,2.05,2.06,2.00,3315,1339,2.48,22.12%,"15:55 ET"
AMZN,1834.1,Put,1800.00,09/13/19,7,6.70,6.8,6.90,6.65,1086,439,2.47,19.28%,"15:56 ET"
SHOP,384.02,Call,390.00,09/06/19,0,0.00,0.03,0.05,0.05,1616,653,2.47,0.00%,"15:51 ET"
ADSK,151.11,Call,152.50,09/06/19,0,0.00,0.02,0.03,0.04,663,270,2.46,0.00%,"15:41 ET"
ZIOP,4.66,Call,5.50,09/20/19,14,0.00,0.08,0.15,0.10,802,328,2.45,96.25%,"15:12 ET"
AMZN,1834.1,Call,1855.00,09/06/19,0,0.01,0.03,0.04,0.04,1593,650,2.45,0.00%,"15:58 ET"
ROKU,170.02,Call,175.00,09/13/19,7,3.35,3.43,3.50,3.43,2621,1070,2.45,59.41%,"15:58 ET"
BA,362.9,Put,360.00,09/13/19,7,3.40,3.45,3.50,3.43,1960,804,2.44,23.85%,"16:00 ET"
PM,73.08,Call,72.50,10/18/19,42,2.61,2.64,2.67,2.73,2070,848,2.44,24.66%,"13:57 ET"
FB,187.95,Call,190.00,09/13/19,7,1.32,1.33,1.34,1.37,13865,5691,2.44,20.92%,"15:55 ET"
GS,207.45,Put,207.50,09/06/19,0,0.16,0.19,0.22,0.15,1502,618,2.43,0.00%,"15:55 ET"
SHOP,384.02,Call,390.00,09/13/19,7,5.10,5.2,5.30,5.00,592,245,2.42,37.86%,"15:59 ET"
NFLX,291.52,Put,415.00,10/18/19,42,123.15,123.6,124.05,123.35,725,300,2.42,57.60%,"15:50 ET"
AMZN,1834.1,Call,1830.00,10/18/19,42,59.20,59.48,59.75,59.68,740,306,2.42,22.29%,"15:58 ET"
ZM,86.96,Call,105.00,10/18/19,42,0.85,0.98,1.10,1.03,3379,1399,2.42,49.16%,"15:49 ET"
TWTR,45.6,Put,50.00,09/20/19,14,4.55,4.6,4.65,4.50,603,250,2.41,33.81%,"15:39 ET"
TWTR,45.6,Put,44.00,09/13/19,7,0.24,0.25,0.26,0.24,1453,603,2.41,32.20%,"15:47 ET"
JD,31.18,Call,31.00,09/13/19,7,0.61,0.62,0.62,0.60,2190,907,2.41,31.29%,"16:01 ET"
BHC,22.18,Call,22.50,09/06/19,0,0.00,0.02,0.03,0.03,683,284,2.4,0.00%,"12:42 ET"
CRM,151.76,Call,152.50,09/13/19,7,1.63,1.65,1.67,1.65,1553,648,2.4,22.36%,"15:49 ET"
ACB,6.1,Call,6.50,09/13/19,7,0.16,0.17,0.17,0.17,8049,3360,2.4,94.26%,"15:56 ET"
UBER,31.96,Call,32.00,10/18/19,42,1.65,1.7,1.75,1.50,646,270,2.39,33.94%,"13:43 ET"
SBUX,95.91,Put,96.00,09/06/19,0,0.14,0.17,0.19,0.15,1873,784,2.39,0.00%,"15:56 ET"
AMZN,1834.1,Call,1850.00,09/13/19,7,10.25,10.35,10.45,10.35,1970,823,2.39,16.44%,"15:59 ET"
BA,362.9,Call,362.50,09/06/19,0,0.46,0.51,0.55,0.60,2230,934,2.39,0.00%,"15:59 ET"
ROKU,170.02,Call,180.00,09/13/19,7,1.96,1.99,2.03,2.02,2617,1093,2.39,59.39%,"15:57 ET"
TSLA,228.59,Call,230.00,09/06/19,0,0.02,0.03,0.04,0.03,11628,4876,2.38,0.00%,"16:03 ET"
CCJ,9.04,Call,9.00,09/20/19,14,0.20,0.25,0.30,0.25,2629,1109,2.37,31.25%,"15:39 ET"
ALGN,175.59,Call,185.00,09/13/19,7,0.65,0.78,0.90,0.75,660,280,2.36,36.92%,"15:54 ET"
CC,14.6,Put,13.00,10/18/19,42,0.45,0.5,0.55,0.55,1000,423,2.36,63.95%,"15:18 ET"
AMZN,1834.1,Call,1847.50,09/06/19,0,0.03,0.04,0.04,0.04,1228,521,2.36,0.00%,"15:57 ET"
MO,44.09,Call,44.50,09/13/19,7,0.41,0.42,0.42,0.41,1300,552,2.36,24.10%,"15:51 ET"
BA,362.9,Put,362.50,09/06/19,0,0.18,0.21,0.23,0.21,2804,1186,2.36,0.00%,"15:59 ET"
AXL,7.65,Put,6.00,01/17/20,133,0.45,0.48,0.50,0.50,5005,2130,2.35,71.26%,"15:53 ET"
UNH,229.57,Call,230.00,09/13/19,7,2.46,2.5,2.53,2.50,683,292,2.34,21.01%,"15:48 ET"
FEYE,13.7,Call,14.50,09/13/19,7,0.09,0.18,0.27,0.09,699,300,2.33,45.49%,"15:51 ET"
SQ,62.34,Call,80.00,11/15/19,70,0.55,0.57,0.59,0.58,1761,757,2.33,43.24%,"15:57 ET"
TWTR,45.6,Call,45.50,09/06/19,0,0.05,0.06,0.06,0.05,3797,1628,2.33,0.00%,"15:49 ET"
LULU,202.72,Call,215.00,09/13/19,7,0.29,0.31,0.32,0.31,513,221,2.32,29.66%,"15:24 ET"
NFLX,291.52,Call,297.50,09/13/19,7,1.99,2.01,2.02,2.00,980,423,2.32,26.23%,"15:52 ET"
LOW,114.46,Call,115.00,09/13/19,7,1.14,1.15,1.17,1.17,1084,468,2.32,21.64%,"15:47 ET"
INTC,50.9,Call,51.00,09/13/19,7,0.62,0.63,0.63,0.62,2074,894,2.32,23.07%,"15:59 ET"
MNK,1.88,Call,2.00,09/20/19,14,0.35,0.38,0.40,0.35,719,311,2.31,271.52%,"15:50 ET"
AAPL,213.91,Call,215.00,09/06/19,0,0.00,0.01,0.01,0.02,40743,17615,2.31,0.00%,"15:57 ET"
MU,48.97,Put,49.50,09/06/19,0,0.48,0.5,0.52,0.52,1861,810,2.3,0.00%,"15:40 ET"
BIDU,102.99,Put,160.00,01/17/20,133,56.75,57,57.25,57.10,3251,1414,2.3,49.88%,"15:41 ET"
SLB,34.25,Put,33.50,09/06/19,0,0.00,0.01,0.02,0.01,510,224,2.28,0.00%,"14:47 ET"
BA,362.9,Put,365.00,09/06/19,0,2.06,2.16,2.25,2.19,1812,795,2.28,0.00%,"15:58 ET"
NFLX,291.52,Call,292.50,09/13/19,7,4.00,4.05,4.10,4.01,1586,698,2.27,27.07%,"15:52 ET"
NVDA,179.28,Call,180.00,09/13/19,7,2.86,2.87,2.88,2.90,3777,1663,2.27,32.59%,"15:53 ET"
OSTK,16.79,Call,18.00,09/06/19,0,0.00,0.05,0.10,0.03,505,223,2.26,0.00%,"11:26 ET"
UBER,31.96,Put,30.50,09/13/19,7,0.20,0.23,0.25,0.21,607,269,2.26,42.15%,"15:45 ET"
TGT,110,Call,125.00,01/17/20,133,2.25,2.28,2.30,2.28,998,442,2.26,25.80%,"16:00 ET"
CNC,45.98,Call,47.50,10/18/19,42,1.40,1.48,1.55,1.50,2554,1131,2.26,34.15%,"15:28 ET"
TSLA,228.59,Put,225.00,09/06/19,0,0.01,0.02,0.02,0.02,7323,3244,2.26,0.00%,"16:02 ET"
CGC,27.69,Put,26.00,09/13/19,7,0.31,0.32,0.33,0.32,703,313,2.25,63.62%,"16:02 ET"
TGT,110,Call,111.00,09/13/19,7,0.79,0.8,0.81,0.80,615,274,2.24,20.23%,"15:59 ET"
TGT,110,Put,109.00,09/13/19,7,0.84,0.86,0.87,0.86,1210,540,2.24,21.51%,"15:59 ET"
AMZN,1834.1,Call,1830.00,09/06/19,0,3.20,3.58,3.95,3.60,3502,1562,2.24,0.00%,"15:59 ET"
HD,231.14,Call,230.00,09/06/19,0,1.10,1.21,1.31,1.21,5410,2430,2.23,0.00%,"15:58 ET"
BYND,155.07,Put,149.00,09/06/19,0,0.00,0.05,0.10,0.06,1014,456,2.22,0.00%,"14:52 ET"
AMGN,207.57,Call,212.50,09/13/19,7,0.83,0.88,0.93,0.90,1682,758,2.22,22.66%,"15:50 ET"
TSLA,228.59,Put,230.00,09/06/19,0,1.75,1.92,2.08,1.90,5235,2355,2.22,0.00%,"16:02 ET"
OXY,45.53,Call,50.00,01/17/20,133,20.00,22.33,24.65,22.55,16000,7201,2.22,232.39%,"15:47 ET"
SPLK,111.09,Call,110.00,09/13/19,7,2.15,2.2,2.25,2.25,559,253,2.21,31.74%,"15:55 ET"
T,36.28,Call,39.00,11/15/19,70,0.17,0.18,0.18,0.17,799,361,2.21,14.50%,"15:59 ET"
LVS,56.47,Call,56.50,09/06/19,0,0.02,0.04,0.05,0.08,933,423,2.21,0.00%,"15:17 ET"
WFC,47.29,Put,44.00,09/20/19,14,0.08,0.08,0.09,0.11,2012,912,2.21,28.39%,"15:18 ET"
OXY,45.53,Call,45.00,01/17/20,133,24.90,27.2,29.50,25.25,8060,3651,2.21,250.91%,"15:47 ET"
JPM,112.67,Call,116.00,09/27/19,21,0.65,0.66,0.67,0.63,532,242,2.2,16.53%,"15:36 ET"
OXY,45.53,Call,47.50,01/17/20,133,22.50,24.08,25.65,24.20,800,364,2.2,245.00%,"15:50 ET"
TSLA,228.59,Put,225.00,09/13/19,7,3.30,3.35,3.40,3.38,1640,747,2.2,40.15%,"16:01 ET"
AMD,30.53,Put,32.00,09/13/19,7,1.67,1.68,1.69,1.67,2077,942,2.2,40.95%,"15:56 ET"
ALXN,103.5,Call,110.00,09/20/19,14,1.05,1.15,1.25,1.15,2215,1008,2.2,41.05%,"15:25 ET"
TLRY,32.16,Call,32.00,09/06/19,0,0.10,0.14,0.18,0.25,1007,459,2.19,0.00%,"16:01 ET"
TTD,236.14,Put,242.50,09/06/19,0,7.20,8.2,9.20,6.80,592,271,2.18,0.00%,"15:51 ET"
INTC,50.9,Put,50.50,09/06/19,0,0.00,0.01,0.02,0.01,973,447,2.18,0.00%,"15:40 ET"
AR,3.54,Put,2.50,01/17/20,133,0.20,0.25,0.30,0.30,1001,459,2.18,100.00%,"09:54 ET"
OXY,45.53,Call,55.00,01/17/20,133,15.05,17.43,19.80,17.10,32000,14690,2.18,187.14%,"15:47 ET"
BAC,27.66,Put,28.00,12/20/19,105,1.62,1.64,1.66,1.61,567,261,2.17,25.72%,"14:34 ET"
AEM,59.69,Put,60.00,10/18/19,42,2.65,2.67,2.69,2.71,745,344,2.17,32.65%,"15:52 ET"
TSM,43.79,Put,50.00,09/20/19,14,6.30,6.55,6.80,6.40,600,278,2.16,52.08%,"10:19 ET"
BIDU,102.99,Call,105.00,09/13/19,7,0.80,0.81,0.82,0.82,790,366,2.16,28.16%,"15:57 ET"
OXY,45.53,Call,60.00,11/15/19,70,10.10,12.45,14.80,11.75,800,372,2.15,203.51%,"15:50 ET"
CGC,27.69,Put,26.50,09/13/19,7,0.44,0.45,0.45,0.45,1207,562,2.15,62.79%,"16:02 ET"
BIDU,102.99,Put,130.00,09/20/19,14,26.70,26.92,27.15,27.10,1800,839,2.15,64.69%,"15:41 ET"
VZ,59.03,Call,59.00,09/06/19,0,0.05,0.06,0.07,0.05,1942,904,2.15,0.00%,"15:47 ET"
C,65.99,Put,66.00,09/06/19,0,0.04,0.05,0.05,0.07,2459,1144,2.15,0.00%,"16:01 ET"
OXY,45.53,Call,52.50,01/17/20,133,19.20,20.78,22.35,20.25,5600,2607,2.15,213.46%,"15:47 ET"
SNAP,16.58,Call,16.50,09/13/19,7,0.46,0.46,0.47,0.46,11295,5252,2.15,45.47%,"15:59 ET"
TSLA,228.59,Put,232.50,09/13/19,7,7.05,7.1,7.15,6.95,521,244,2.14,38.01%,"15:50 ET"
NFLX,291.52,Put,420.00,10/18/19,42,128.05,128.43,128.80,128.45,825,385,2.14,60.32%,"15:50 ET"
SKX,34.71,Call,35.00,10/18/19,42,1.65,1.7,1.75,1.70,2650,1241,2.14,38.91%,"15:55 ET"
ETN,83.28,Call,85.00,09/20/19,14,0.50,0.55,0.60,0.53,2754,1287,2.14,17.48%,"15:43 ET"
ZM,86.96,Put,89.00,09/06/19,0,1.90,2.15,2.40,2.17,715,335,2.13,0.00%,"15:48 ET"
AAPL,213.91,Put,215.00,09/06/19,0,1.03,1.09,1.15,1.02,6140,2878,2.13,0.00%,"15:55 ET"
APHA,7.08,Call,7.50,09/13/19,7,0.05,0.08,0.10,0.07,568,268,2.12,53.37%,"15:57 ET"
WYNN,111.85,Call,113.00,09/20/19,14,2.56,2.58,2.60,2.61,596,281,2.12,35.55%,"15:49 ET"
HD,231.14,Put,227.50,09/06/19,0,0.00,0.02,0.04,0.01,699,329,2.12,0.00%,"15:34 ET"
CLDR,8.85,Call,9.00,09/20/19,14,0.25,0.28,0.30,0.28,1432,675,2.12,49.77%,"15:55 ET"
IQ,18.2,Put,18.00,09/06/19,0,0.00,0.01,0.01,0.01,1487,703,2.12,0.00%,"16:00 ET"
ZM,86.96,Put,105.00,10/18/19,42,20.30,20.7,21.10,20.50,2722,1281,2.12,67.74%,"15:11 ET"
FB,187.95,Put,185.00,09/13/19,7,1.19,1.19,1.20,1.20,4421,2085,2.12,23.76%,"15:53 ET"
CGC,27.69,Call,26.50,09/13/19,7,1.50,1.52,1.53,1.63,676,320,2.11,58.89%,"15:40 ET"
V,186.28,Put,185.00,09/13/19,7,1.28,1.3,1.31,1.27,2072,982,2.11,18.31%,"15:39 ET"
MU,48.97,Put,49.00,09/06/19,0,0.07,0.08,0.09,0.07,4286,2027,2.11,0.00%,"15:51 ET"
GOOGL,1209.99,Call,1215.00,09/06/19,0,0.00,0.08,0.15,0.08,827,393,2.1,0.00%,"15:56 ET"
MU,48.97,Put,49.00,09/20/19,14,1.32,1.33,1.34,1.36,1188,566,2.1,35.67%,"15:47 ET"
NFLX,291.52,Call,287.50,09/06/19,0,3.95,4.1,4.25,3.97,2297,1092,2.1,0.00%,"15:52 ET"
WETF,4.99,Call,6.00,12/20/19,105,0.20,0.23,0.25,0.20,5378,2562,2.1,47.76%,"15:02 ET"
CRWD,76.2,Call,80.00,09/20/19,14,2.05,2.13,2.20,2.20,745,357,2.09,63.56%,"15:51 ET"
MO,44.09,Call,43.50,09/20/19,14,0.96,1.03,1.09,1.07,869,415,2.09,21.10%,"15:38 ET"
GOOGL,1209.99,Call,1210.00,09/06/19,0,0.50,0.5,0.50,0.40,1497,715,2.09,0.00%,"15:58 ET"
AMZN,1834.1,Call,1860.00,09/06/19,0,0.01,0.01,0.01,0.03,3209,1539,2.09,0.00%,"15:57 ET"
DOCU,55.9,Call,60.00,09/20/19,14,0.30,0.32,0.35,0.31,12242,5847,2.09,37.23%,"15:52 ET"
MRO,12.43,Put,12.50,09/06/19,0,0.04,0.06,0.07,0.07,897,431,2.08,0.00%,"15:22 ET"
TSLA,228.59,Put,222.50,09/06/19,0,0.01,0.03,0.05,0.02,3067,1478,2.08,0.00%,"15:51 ET"
AMZN,1834.1,Call,1880.00,09/06/19,0,0.00,0.01,0.01,0.01,807,390,2.07,0.00%,"15:29 ET"
C,65.99,Call,66.50,09/06/19,0,0.00,0.02,0.03,0.01,2429,1174,2.07,0.00%,"16:00 ET"
NVDA,179.28,Put,177.50,09/06/19,0,0.01,0.02,0.03,0.01,5108,2471,2.07,0.00%,"15:48 ET"
SHOP,384.02,Put,390.00,09/06/19,0,6.90,7.4,7.90,7.27,763,370,2.06,0.00%,"15:57 ET"
PII,81.3,Put,80.00,09/20/19,14,1.85,2,2.15,1.55,909,441,2.06,32.42%,"14:47 ET"
SHOP,384.02,Call,395.00,09/06/19,0,0.00,0.03,0.05,0.02,1065,516,2.06,0.00%,"15:57 ET"
UNH,229.57,Call,232.50,09/06/19,0,0.00,0.03,0.05,0.01,1836,893,2.06,0.00%,"15:22 ET"
MO,44.09,Call,44.00,09/13/19,7,0.63,0.65,0.66,0.65,6292,3049,2.06,24.67%,"15:49 ET"
ROKU,170.02,Call,170.00,09/13/19,7,5.45,5.5,5.55,5.55,4998,2433,2.05,60.24%,"15:58 ET"
NFLX,291.52,Put,295.00,09/13/19,7,6.15,6.2,6.25,6.25,843,413,2.04,27.45%,"15:51 ET"
LYFT,44.97,Put,45.50,09/13/19,7,1.55,1.6,1.65,1.55,1584,776,2.04,50.92%,"15:40 ET"
NFLX,291.52,Put,287.50,09/06/19,0,0.01,0.02,0.02,0.02,5218,2555,2.04,0.00%,"15:51 ET"
GPS,16.82,Put,16.50,09/13/19,7,0.38,0.4,0.41,0.37,1015,499,2.03,55.76%,"14:28 ET"
OXY,45.53,Call,60.00,01/17/20,133,12.20,12.95,13.70,12.15,1120,552,2.03,150.89%,"15:50 ET"
ZM,86.96,Put,90.00,09/06/19,0,3.00,3.15,3.30,3.00,1295,637,2.03,0.00%,"15:46 ET"
BIDU,102.99,Call,103.00,09/06/19,0,0.07,0.08,0.09,0.10,1806,888,2.03,0.00%,"15:58 ET"
PCG,10.07,Call,11.00,09/20/19,14,0.52,0.58,0.64,0.59,3740,1841,2.03,119.79%,"15:50 ET"
AAOI,10.26,Call,10.00,09/06/19,0,0.02,0.23,0.44,0.02,525,260,2.02,0.00%,"15:22 ET"
WORK,27.65,Put,28.00,10/18/19,42,2.15,2.2,2.25,2.15,812,402,2.02,53.77%,"15:51 ET"
ZM,86.96,Call,100.00,10/18/19,42,1.65,1.73,1.80,1.75,877,434,2.02,49.18%,"15:52 ET"
OXY,45.53,Call,65.00,01/17/20,133,5.00,7.38,9.75,7.70,6402,3173,2.02,119.86%,"15:47 ET"
BIDU,102.99,Put,165.00,01/17/20,133,61.70,62.05,62.40,62.10,1200,596,2.01,52.74%,"15:41 ET"
WYNN,111.85,Call,112.00,09/13/19,7,1.94,1.96,1.98,1.98,570,285,2,33.04%,"15:50 ET"
BIDU,102.99,Put,230.00,01/17/20,133,126.80,127,127.20,127.15,900,449,2,83.66%,"15:41 ET"
BIDU,102.99,Put,170.00,09/20/19,14,66.80,66.98,67.15,67.25,1504,753,2,133.98%,"15:41 ET"
OXY,45.53,Call,42.50,01/17/20,133,29.60,30.9,32.20,31.30,1600,801,2,326.86%,"15:50 ET"
BHC,22.18,Call,23.00,09/13/19,7,0.09,0.1,0.10,0.10,589,296,1.99,29.71%,"15:57 ET"
TSLA,228.59,Put,215.00,09/13/19,7,1.05,1.07,1.08,1.06,1212,608,1.99,43.59%,"16:01 ET"
LULU,202.72,Call,210.00,09/06/19,0,0.00,0.01,0.02,0.01,4304,2162,1.99,0.00%,"15:49 ET"
FB,187.95,Put,190.00,09/06/19,0,1.95,2.06,2.16,1.88,4810,2419,1.99,0.00%,"15:55 ET"
LULU,202.72,Put,185.00,09/13/19,7,0.10,0.12,0.13,0.12,735,372,1.98,36.02%,"15:29 ET"
AAPL,213.91,Call,230.00,09/27/19,21,0.35,0.36,0.37,0.37,1024,518,1.98,20.66%,"15:52 ET"
V,186.28,Put,175.00,03/20/20,196,7.00,7.05,7.10,7.05,1213,613,1.98,23.97%,"15:48 ET"
HPQ,19.15,Call,20.00,02/21/20,168,0.93,0.95,0.96,0.93,2220,1124,1.98,23.40%,"15:15 ET"
AIMT,20.82,Call,30.00,09/20/19,14,0.40,0.45,0.50,0.50,4796,2423,1.98,163.07%,"15:37 ET"
WPM,28.92,Call,30.00,09/27/19,21,0.59,0.62,0.64,0.60,1558,789,1.97,36.92%,"15:47 ET"
AMRN,16.27,Call,20.00,11/15/19,70,1.30,1.41,1.52,1.40,3383,1716,1.97,91.19%,"15:05 ET"
AMZN,1834.1,Call,1840.00,09/13/19,7,14.65,14.78,14.90,14.72,1001,510,1.96,16.78%,"15:58 ET"
COST,304.14,Call,307.50,09/06/19,0,0.00,0.02,0.03,0.01,1381,703,1.96,0.00%,"16:03 ET"
GOOGL,1209.99,Put,1200.00,09/06/19,0,0.00,0.03,0.05,0.04,614,315,1.95,0.00%,"15:55 ET"
TWTR,45.6,Call,47.00,11/15/19,70,2.97,2.98,2.99,3.02,853,437,1.95,44.72%,"15:22 ET"
ADBE,286.44,Call,290.00,09/06/19,0,0.01,0.02,0.03,0.01,1028,527,1.95,0.00%,"15:49 ET"
ULTA,234.95,Put,320.00,09/20/19,14,86.20,86.5,86.80,86.10,1291,663,1.95,92.92%,"16:01 ET"
TWTR,45.6,Put,45.00,09/06/19,0,0.00,0.01,0.01,0.01,2590,1329,1.95,0.00%,"13:53 ET"
OXY,45.53,Call,57.50,01/17/20,133,12.50,14.85,17.20,14.55,4000,2047,1.95,168.03%,"15:47 ET"
MPC,52.65,Call,65.00,01/15/21,497,3.85,4.03,4.20,4.05,500,258,1.94,30.97%,"12:09 ET"
BP,37.4,Call,37.50,09/13/19,7,0.25,0.26,0.27,0.26,899,464,1.94,14.54%,"15:52 ET"
TGT,110,Put,110.00,09/20/19,14,1.83,1.85,1.86,1.83,902,466,1.94,21.58%,"15:49 ET"
NFLX,291.52,Put,292.50,09/13/19,7,4.85,4.9,4.95,4.90,984,507,1.94,28.04%,"15:52 ET"
OXY,45.53,Call,62.50,01/17/20,133,7.50,9.88,12.25,10.60,1280,659,1.94,141.68%,"15:50 ET"
ROKU,170.02,Put,165.00,09/13/19,7,3.40,3.45,3.50,3.45,2106,1085,1.94,59.72%,"15:56 ET"
CLDR,8.85,Call,8.50,09/20/19,14,0.50,0.55,0.60,0.55,2207,1138,1.94,50.58%,"15:59 ET"
MO,44.09,Call,45.00,09/20/19,14,0.35,0.39,0.42,0.40,7398,3810,1.94,21.91%,"15:51 ET"
VZ,59.03,Put,59.00,09/20/19,14,0.60,0.61,0.62,0.60,796,415,1.92,13.63%,"15:46 ET"
NTES,281.19,Call,275.00,09/06/19,0,4.50,4.9,5.30,6.00,998,521,1.92,0.00%,"15:39 ET"
SIG,14.07,Call,14.50,09/06/19,0,0.00,0.03,0.05,0.05,625,328,1.91,0.00%,"13:57 ET"
BYND,155.07,Put,147.00,09/06/19,0,0.00,0.03,0.05,0.05,829,434,1.91,0.00%,"13:41 ET"
GOOG,1209.27,Put,1205.00,09/06/19,0,0.00,0.05,0.10,0.05,880,464,1.9,0.00%,"15:57 ET"
MDCO,47.93,Put,28.00,01/17/20,133,1.50,2.05,2.60,1.90,1019,535,1.9,95.67%,"14:12 ET"
AMZN,1834.1,Call,1852.50,09/06/19,0,0.00,0.02,0.03,0.01,1077,567,1.9,0.00%,"15:58 ET"
TWTR,45.6,Call,45.50,09/20/19,14,1.13,1.13,1.14,1.21,1218,642,1.9,32.37%,"15:12 ET"
NVDA,179.28,Call,177.50,09/13/19,7,4.15,4.2,4.25,4.25,2191,1156,1.9,33.15%,"15:53 ET"
LULU,202.72,Call,200.00,09/06/19,0,2.63,2.76,2.89,2.80,7512,3959,1.9,0.00%,"15:49 ET"
HD,231.14,Call,240.00,09/13/19,7,0.31,0.33,0.36,0.32,661,349,1.89,20.83%,"15:57 ET"
TSLA,228.59,Put,235.00,09/13/19,7,8.75,8.8,8.85,8.65,693,366,1.89,38.26%,"15:58 ET"
AAPL,213.91,Call,215.00,10/11/19,35,5.90,5.95,6.00,5.95,805,425,1.89,23.70%,"15:55 ET"
BIDU,102.99,Put,150.00,09/20/19,14,46.75,46.95,47.15,47.15,1500,792,1.89,100.09%,"15:41 ET"
LULU,202.72,Call,200.00,09/20/19,14,6.15,6.2,6.25,6.20,3803,2008,1.89,28.85%,"15:49 ET"
AMD,30.53,Call,31.00,09/13/19,7,0.51,0.52,0.52,0.52,7039,3732,1.89,42.98%,"15:58 ET"
NFLX,291.52,Call,287.50,09/13/19,7,7.00,7.05,7.10,6.96,686,364,1.88,28.21%,"15:52 ET"
PCG,10.07,Put,10.00,09/13/19,7,0.55,0.61,0.67,0.60,4473,2383,1.88,114.91%,"15:51 ET"
ZM,86.96,Call,91.00,09/13/19,7,0.85,0.88,0.90,0.94,793,425,1.87,50.73%,"15:40 ET"
ULTA,234.95,Call,235.00,09/06/19,0,0.00,0.05,0.10,0.05,826,441,1.87,0.00%,"16:01 ET"
BSX,43.58,Call,47.00,01/15/21,497,3.85,4.03,4.20,3.98,713,383,1.86,23.99%,"14:37 ET"
OXY,45.53,Call,65.00,11/15/19,70,4.90,7.2,9.50,7.85,800,429,1.86,167.70%,"15:50 ET"
ZNGA,5.87,Call,6.00,09/13/19,7,0.07,0.09,0.10,0.09,787,425,1.85,45.44%,"15:35 ET"
NVDA,179.28,Call,187.50,09/13/19,7,0.62,0.63,0.63,0.65,1440,777,1.85,31.72%,"15:50 ET"
TWTR,45.6,Put,45.00,10/18/19,42,1.80,1.81,1.81,1.76,2672,1443,1.85,34.08%,"15:40 ET"
F,9.34,Put,9.50,09/13/19,7,0.21,0.22,0.22,0.22,2747,1483,1.85,27.18%,"15:35 ET"
TGT,110,Call,110.00,09/06/19,0,0.02,0.04,0.06,0.04,5935,3214,1.85,0.00%,"16:02 ET"
MSFT,139.55,Call,139.00,09/06/19,0,0.60,0.63,0.65,0.56,8900,4808,1.85,0.00%,"15:51 ET"
FB,187.95,Put,185.00,09/06/19,0,0.00,0.01,0.01,0.01,9452,5125,1.84,0.00%,"15:48 ET"
BIDU,102.99,Put,103.00,09/06/19,0,0.12,0.14,0.15,0.10,603,330,1.83,0.00%,"15:56 ET"
MIK,7.69,Call,5.00,01/17/20,133,2.95,3.08,3.20,3.00,590,325,1.82,79.04%,"15:27 ET"
EZPW,7.86,Put,2.50,03/20/20,196,0.00,0.03,0.05,0.04,2800,1540,1.82,88.21%,"11:00 ET"
CGC,27.69,Call,28.50,09/13/19,7,0.47,0.48,0.49,0.49,1233,682,1.81,52.67%,"15:59 ET"
NVDA,179.28,Call,177.50,09/06/19,0,1.53,1.61,1.69,1.65,4403,2434,1.81,0.00%,"15:53 ET"
C,65.99,Call,69.00,09/20/19,14,0.19,0.2,0.20,0.21,557,309,1.8,21.16%,"15:37 ET"
ADBE,286.44,Call,290.00,09/13/19,7,1.88,1.9,1.92,1.92,632,351,1.8,21.26%,"15:57 ET"
T,36.28,Put,36.00,10/04/19,28,0.49,0.5,0.51,0.49,686,382,1.8,16.05%,"15:26 ET"
AMZN,1834.1,Call,1835.00,09/13/19,7,16.90,17.13,17.35,17.00,742,412,1.8,16.70%,"15:59 ET"
AMZN,1834.1,Call,1880.00,09/13/19,7,3.10,3.18,3.25,3.10,803,445,1.8,16.38%,"15:57 ET"
BAC,27.66,Call,28.00,09/27/19,21,0.45,0.46,0.46,0.46,5487,3049,1.8,22.42%,"15:57 ET"
GOLD,17.9,Call,18.50,09/13/19,7,0.14,0.15,0.15,0.14,591,330,1.79,35.66%,"15:54 ET"
TWTR,45.6,Put,44.50,09/20/19,14,0.69,0.7,0.70,0.66,630,351,1.79,32.16%,"15:16 ET"
CRWD,76.2,Call,80.00,10/18/19,42,4.60,4.7,4.80,4.62,749,419,1.79,60.47%,"15:30 ET"
HES,64.24,Put,57.50,10/18/19,42,0.99,1.02,1.04,0.95,16002,8922,1.79,40.21%,"14:18 ET"
CTXS,94.75,Call,95.00,09/06/19,0,0.00,0.05,0.10,0.10,506,284,1.78,0.00%,"11:55 ET"
BA,362.9,Call,362.50,09/13/19,7,4.90,4.95,5.00,4.90,544,306,1.78,23.31%,"15:57 ET"
ZM,86.96,Call,95.00,10/18/19,42,2.65,2.78,2.90,2.66,1633,917,1.78,47.28%,"15:44 ET"
CRWD,76.2,Call,76.00,09/06/19,0,0.20,0.28,0.35,0.23,1790,1004,1.78,0.00%,"15:43 ET"
DIS,139.67,Call,139.00,09/13/19,7,1.66,1.67,1.69,1.65,2313,1303,1.78,16.77%,"15:52 ET"
TLRY,32.16,Call,34.00,09/13/19,7,0.75,0.77,0.79,0.75,623,351,1.77,79.87%,"16:00 ET"
MU,48.97,Put,49.00,09/13/19,7,0.92,0.94,0.95,0.95,905,511,1.77,34.92%,"15:51 ET"
UNH,229.57,Call,232.50,09/13/19,7,1.44,1.46,1.48,1.50,635,360,1.76,21.03%,"15:46 ET"
LK,20.7,Call,20.50,09/06/19,0,0.00,0.08,0.15,0.20,698,397,1.76,0.00%,"15:40 ET"
MSFT,139.55,Put,139.00,09/13/19,7,1.05,1.06,1.06,1.12,2433,1381,1.76,18.50%,"15:51 ET"
NVDA,179.28,Put,170.00,03/20/20,196,14.85,14.9,14.95,15.35,751,429,1.75,40.39%,"11:16 ET"
MU,48.97,Call,49.50,09/20/19,14,1.12,1.13,1.14,1.13,773,442,1.75,35.41%,"15:47 ET"
MA,292.02,Call,295.00,09/13/19,7,2.30,2.33,2.36,2.30,972,554,1.75,21.75%,"15:46 ET"
WFC,47.29,Put,47.00,09/20/19,14,0.58,0.59,0.60,0.68,1196,684,1.75,22.99%,"15:08 ET"
TWLO,124.5,Put,125.00,09/20/19,14,4.20,4.25,4.30,4.30,1854,1059,1.75,41.85%,"15:46 ET"
PCG,10.07,Put,9.00,09/20/19,14,0.51,0.55,0.60,0.55,12840,7317,1.75,134.46%,"15:53 ET"
LVS,56.47,Put,53.00,09/20/19,14,0.37,0.39,0.41,0.40,546,314,1.74,36.47%,"15:25 ET"
MU,48.97,Put,48.00,09/13/19,7,0.55,0.56,0.56,0.55,678,389,1.74,36.03%,"15:51 ET"
AAPL,213.91,Put,135.00,11/15/19,70,0.16,0.18,0.19,0.18,851,488,1.74,48.41%,"11:11 ET"
AMD,30.53,Call,29.50,09/13/19,7,1.35,1.36,1.37,1.35,928,534,1.74,43.42%,"15:55 ET"
NVDA,179.28,Put,180.00,09/13/19,7,3.65,3.68,3.70,3.65,1231,708,1.74,33.20%,"15:53 ET"
HD,231.14,Call,240.00,09/20/19,14,0.84,0.88,0.91,0.88,2310,1331,1.74,20.11%,"15:59 ET"
NVDA,179.28,Call,185.00,09/13/19,7,1.08,1.09,1.09,1.09,2926,1685,1.74,31.32%,"15:52 ET"
PANW,217.53,Call,222.50,09/06/19,0,0.01,0.02,0.02,0.02,656,379,1.73,0.00%,"14:18 ET"
WBA,52.51,Call,55.00,10/11/19,35,0.60,0.64,0.67,0.68,699,404,1.73,24.07%,"13:36 ET"
TWTR,45.6,Call,46.00,09/27/19,21,1.18,1.19,1.20,1.24,894,516,1.73,32.33%,"15:34 ET"
BMY,48.32,Call,48.00,10/18/19,42,1.52,1.53,1.54,1.54,5869,3388,1.73,20.16%,"16:01 ET"
X,11.46,Put,12.00,09/13/19,7,0.62,0.63,0.63,0.63,585,340,1.72,42.59%,"15:45 ET"
AMZN,1834.1,Call,1827.50,09/06/19,0,5.50,5.95,6.40,6.02,624,362,1.72,0.00%,"15:58 ET"
COG,17.59,Call,19.00,01/17/20,133,0.70,0.77,0.85,0.80,1000,581,1.72,30.77%,"15:24 ET"
T,36.28,Put,36.00,09/13/19,7,0.17,0.18,0.19,0.16,1340,778,1.72,14.00%,"15:49 ET"
QSR,75.77,Call,80.00,10/18/19,42,0.70,0.77,0.85,0.85,1350,786,1.72,22.38%,"15:24 ET"
RIG,5.07,Call,5.00,09/06/19,0,0.07,0.09,0.10,0.08,2431,1415,1.72,0.00%,"15:57 ET"
C,65.99,Put,63.00,09/13/19,7,0.14,0.15,0.15,0.14,825,482,1.71,28.15%,"16:00 ET"
TSLA,228.59,Call,245.00,09/13/19,7,0.46,0.48,0.49,0.47,868,509,1.71,36.30%,"16:03 ET"
M,15.45,Put,14.50,09/13/19,7,0.12,0.13,0.13,0.12,1160,677,1.71,52.32%,"15:47 ET"
AIMT,20.82,Put,12.50,09/20/19,14,0.85,0.93,1.00,0.90,4286,2503,1.71,290.25%,"15:47 ET"
AAPL,213.91,Call,215.00,09/13/19,7,2.13,2.14,2.15,2.13,15770,9224,1.71,21.93%,"15:57 ET"
UBER,31.96,Put,31.00,09/13/19,7,0.30,0.35,0.40,0.37,721,425,1.7,44.24%,"15:29 ET"
AMZN,1834.1,Call,1815.00,09/06/19,0,17.75,18.28,18.80,18.28,755,445,1.7,0.00%,"15:57 ET"
SQ,62.34,Call,63.50,09/20/19,14,1.05,1.07,1.08,1.06,772,453,1.7,33.85%,"15:58 ET"
M,15.45,Call,16.00,09/27/19,21,0.21,0.22,0.23,0.23,852,502,1.7,30.66%,"15:32 ET"
LULU,202.72,Call,197.50,09/06/19,0,5.05,5.23,5.40,5.50,1018,598,1.7,0.00%,"15:43 ET"
OXY,45.53,Call,43.00,09/20/19,14,2.44,2.47,2.51,2.49,1179,693,1.7,0.55%,"15:43 ET"
PEP,137.13,Put,135.00,09/20/19,14,0.73,0.75,0.77,0.79,1067,633,1.69,16.06%,"15:36 ET"
CRWD,76.2,Put,75.00,09/06/19,0,0.00,0.08,0.15,0.05,1150,682,1.69,0.00%,"15:50 ET"
EZPW,7.86,Put,5.00,03/20/20,196,0.10,0.18,0.25,0.10,1215,719,1.69,48.73%,"11:02 ET"
UBER,31.96,Put,32.50,09/13/19,7,0.95,1,1.05,1.15,1336,789,1.69,49.37%,"15:00 ET"
CLDR,8.85,Call,10.00,10/18/19,42,0.20,0.23,0.25,0.25,940,560,1.68,52.52%,"16:00 ET"
CGC,27.69,Put,27.50,09/20/19,14,1.26,1.29,1.31,1.36,2068,1230,1.68,68.58%,"15:49 ET"
GS,207.45,Put,210.00,09/06/19,0,2.44,2.55,2.67,2.40,510,306,1.67,0.00%,"15:46 ET"
ROKU,170.02,Put,167.50,09/13/19,7,4.35,4.43,4.50,4.50,1451,868,1.67,59.85%,"15:56 ET"
BA,362.9,Put,352.50,09/13/19,7,1.52,1.56,1.59,1.50,637,384,1.66,25.89%,"15:45 ET"
ARLP,16.05,Call,17.50,10/18/19,42,0.00,0.1,0.20,0.16,645,388,1.66,27.75%,"14:22 ET"
LULU,202.72,Call,220.00,10/18/19,42,2.02,2.08,2.13,2.08,669,404,1.66,26.97%,"15:42 ET"
NFLX,291.52,Put,290.00,12/20/19,105,20.85,21,21.15,21.30,969,582,1.66,37.04%,"14:51 ET"
MU,48.97,Put,48.50,09/13/19,7,0.72,0.73,0.73,0.74,1070,649,1.65,35.85%,"15:48 ET"
FB,187.95,Put,180.00,09/13/19,7,0.38,0.39,0.39,0.38,3717,2256,1.65,26.55%,"15:55 ET"
TLRY,32.16,Call,27.00,09/13/19,7,4.95,5.05,5.15,5.20,534,325,1.64,51.96%,"15:00 ET"
SNAP,16.58,Put,16.50,09/13/19,7,0.36,0.37,0.37,0.37,759,464,1.64,45.08%,"15:57 ET"
MU,48.97,Call,49.50,09/13/19,7,0.70,0.71,0.72,0.70,1163,708,1.64,34.31%,"15:51 ET"
SBUX,95.91,Put,96.50,09/06/19,0,0.60,0.63,0.66,0.65,1239,757,1.64,0.00%,"15:51 ET"
WMT,114.91,Put,115.00,09/06/19,0,0.15,0.17,0.19,0.12,1474,897,1.64,0.00%,"15:50 ET"
AAPL,213.91,Put,210.00,09/13/19,7,1.27,1.28,1.29,1.29,6177,3775,1.64,24.40%,"15:56 ET"
CGC,27.69,Put,25.00,09/13/19,7,0.18,0.19,0.19,0.19,511,313,1.63,70.51%,"15:29 ET"
PDD,35.28,Call,38.00,09/20/19,14,0.25,0.3,0.35,0.30,692,424,1.63,41.59%,"15:48 ET"
BA,362.9,Call,367.50,09/06/19,0,0.00,0.01,0.01,0.01,1633,1008,1.62,0.00%,"15:49 ET"
HUN,21.25,Call,21.00,09/20/19,14,0.65,0.73,0.80,0.80,2330,1437,1.62,40.96%,"15:41 ET"
CIEN,39.73,Call,42.00,10/18/19,42,0.66,0.67,0.67,0.67,1467,909,1.61,27.37%,"16:03 ET"
NFLX,291.52,Put,280.00,09/13/19,7,1.17,1.19,1.20,1.22,1468,913,1.61,32.14%,"15:52 ET"
CELG,97.22,Put,95.00,10/18/19,42,0.29,1.1,1.91,1.08,500,313,1.6,16.02%,"15:29 ET"
ATVI,54.78,Call,57.50,09/20/19,14,0.40,0.42,0.43,0.44,537,335,1.6,31.54%,"15:59 ET"
ZM,86.96,Call,91.00,09/06/19,0,0.00,0.03,0.05,0.05,719,450,1.6,0.00%,"15:33 ET"
EA,98.84,Call,104.00,09/13/19,7,0.13,0.14,0.15,0.20,721,452,1.6,27.74%,"15:05 ET"
WYNN,111.85,Call,111.00,09/06/19,0,0.73,0.78,0.84,0.92,754,470,1.6,0.00%,"15:49 ET"
COST,304.14,Put,287.50,09/06/19,0,0.00,0.01,0.01,0.05,1071,669,1.6,0.00%,"13:30 ET"
TSLA,228.59,Call,235.00,09/13/19,7,1.95,1.96,1.98,1.94,1941,1215,1.6,34.17%,"16:03 ET"
AAL,27.81,Call,28.00,09/06/19,0,0.00,0.04,0.07,0.02,2055,1284,1.6,0.00%,"15:56 ET"
ADSK,151.11,Call,150.00,09/06/19,0,1.00,1.07,1.13,1.10,548,345,1.59,0.00%,"15:54 ET"
JPM,112.67,Put,110.00,09/13/19,7,0.36,0.37,0.37,0.37,723,456,1.59,20.92%,"15:42 ET"
V,186.28,Put,182.50,09/13/19,7,0.69,0.71,0.72,0.72,1065,670,1.59,20.78%,"15:48 ET"
RIG,5.07,Call,5.50,09/20/19,14,0.10,0.11,0.11,0.10,1658,1044,1.59,61.18%,"15:46 ET"
ROKU,170.02,Put,155.00,09/13/19,7,1.11,1.13,1.14,1.16,1685,1060,1.59,64.52%,"15:54 ET"
MSFT,139.55,Call,139.00,09/13/19,7,1.73,1.74,1.75,1.66,3426,2155,1.59,16.98%,"15:51 ET"
AMD,30.53,Call,31.50,09/13/19,7,0.34,0.35,0.35,0.33,8482,5346,1.59,41.55%,"15:58 ET"
TSLA,228.59,Call,255.00,09/13/19,7,0.14,0.15,0.16,0.16,637,403,1.58,41.64%,"15:54 ET"
CRWD,76.2,Put,80.00,09/06/19,0,3.70,3.95,4.20,3.95,1350,853,1.58,0.00%,"15:42 ET"
BIDU,102.99,Put,170.00,01/17/20,133,66.75,67.08,67.40,67.25,1500,951,1.58,56.89%,"15:41 ET"
LULU,202.72,Call,205.00,09/13/19,7,2.35,2.39,2.42,2.36,3145,1992,1.58,29.22%,"15:49 ET"
AEO,16.15,Call,17.00,09/20/19,14,0.20,0.23,0.25,0.30,659,419,1.57,48.86%,"14:32 ET"
OXY,45.53,Call,50.00,10/18/19,42,0.31,0.32,0.33,0.32,720,460,1.57,26.02%,"15:53 ET"
MET,46.28,Call,46.50,09/06/19,0,0.01,0.02,0.03,0.01,899,571,1.57,0.00%,"15:46 ET"
ZM,86.96,Call,90.00,09/20/19,14,1.85,1.95,2.05,1.90,1482,943,1.57,46.80%,"15:44 ET"
ACB,6.1,Call,7.00,09/13/19,7,0.06,0.07,0.08,0.07,2792,1776,1.57,96.17%,"15:56 ET"
ROKU,170.02,Call,167.50,09/06/19,0,2.21,2.28,2.35,2.37,5226,3320,1.57,0.00%,"15:58 ET"
AMZN,1834.1,Call,1865.00,09/20/19,14,13.85,14,14.15,14.60,532,342,1.56,18.46%,"14:34 ET"
WMT,114.91,Put,115.00,09/13/19,7,0.99,1,1.01,0.96,1037,665,1.56,14.92%,"15:49 ET"
AXTA,30.29,Call,30.00,09/20/19,14,1.10,1.15,1.20,1.20,3490,2238,1.56,44.00%,"14:58 ET"
SHOP,384.02,Call,400.00,09/13/19,7,2.35,2.43,2.50,2.36,1844,1187,1.55,38.18%,"15:59 ET"
AAPL,213.91,Put,215.00,09/13/19,7,3.10,3.15,3.20,3.11,2089,1351,1.55,21.80%,"15:55 ET"
WORK,27.65,Put,27.00,10/18/19,42,1.60,1.68,1.75,1.70,548,357,1.54,55.57%,"15:50 ET"
AMZN,1834.1,Call,1900.00,09/13/19,7,1.46,1.52,1.57,1.43,2240,1458,1.54,17.19%,"15:59 ET"
MSFT,139.55,Put,137.00,09/06/19,0,0.01,0.01,0.01,0.01,3649,2372,1.54,0.00%,"15:48 ET"
TWLO,124.5,Put,125.00,09/06/19,0,0.60,0.69,0.77,0.60,540,353,1.53,0.00%,"15:47 ET"
DOW,43.3,Call,43.00,09/06/19,0,0.25,0.33,0.40,0.33,609,398,1.53,0.00%,"15:47 ET"
BA,362.9,Call,370.00,09/13/19,7,1.72,1.75,1.78,1.75,1346,877,1.53,21.77%,"16:00 ET"
IBM,140.66,Put,175.00,10/18/19,42,34.15,34.33,34.50,34.30,1550,1010,1.53,37.68%,"15:51 ET"
MU,48.97,Put,48.50,09/06/19,0,0.00,0.01,0.01,0.02,2270,1480,1.53,0.00%,"15:21 ET"
BAC,27.66,Put,27.50,09/13/19,7,0.25,0.26,0.26,0.26,4579,2989,1.53,22.50%,"16:00 ET"
PYPL,110.29,Call,114.00,09/20/19,14,0.47,0.48,0.49,0.49,621,408,1.52,20.69%,"15:54 ET"
FB,187.95,Put,187.50,09/20/19,14,3.05,3.08,3.10,3.10,2148,1409,1.52,23.41%,"15:51 ET"
AMD,30.53,Call,30.00,09/13/19,7,1.01,1.02,1.03,1.03,2655,1752,1.52,43.90%,"15:56 ET"
DIS,139.67,Call,139.00,09/06/19,0,0.60,0.65,0.70,0.65,2784,1837,1.52,0.00%,"15:52 ET"
S,6.84,Call,7.00,09/13/19,7,0.03,0.05,0.06,0.06,542,358,1.51,30.29%,"15:20 ET"
TGT,110,Call,111.00,09/06/19,0,0.00,0.01,0.01,0.01,588,389,1.51,0.00%,"15:22 ET"
ULTA,234.95,Call,237.50,09/06/19,0,0.00,0.03,0.05,0.04,779,517,1.51,0.00%,"16:00 ET"
HD,231.14,Call,230.00,09/13/19,7,3.10,3.18,3.25,3.20,961,637,1.51,19.74%,"15:57 ET"
ROKU,170.02,Call,167.50,09/13/19,7,6.75,6.85,6.95,6.94,3647,2420,1.51,61.42%,"15:58 ET"
ROKU,170.02,Call,175.00,09/06/19,0,0.00,0.01,0.01,0.01,5236,3458,1.51,0.00%,"15:58 ET"
DOCU,55.9,Call,60.00,12/20/19,105,3.10,3.25,3.40,3.25,832,555,1.5,41.20%,"15:05 ET"
ROKU,170.02,Put,160.00,09/13/19,7,2.00,2.03,2.06,2.00,2730,1814,1.5,61.34%,"15:58 ET"
AU,20.88,Call,22.00,09/20/19,14,0.30,0.32,0.35,0.34,4282,2849,1.5,46.15%,"15:51 ET"
DB,7.85,Call,8.00,09/13/19,7,0.08,0.1,0.11,0.11,545,366,1.49,40.58%,"13:28 ET"
UNH,229.57,Call,237.50,09/20/19,14,1.07,1.09,1.11,1.03,596,399,1.49,20.15%,"15:27 ET"
GILD,64.76,Put,64.00,09/06/19,0,0.00,0.03,0.05,0.01,606,406,1.49,0.00%,"14:51 ET"
TSLA,228.59,Put,222.50,09/13/19,7,2.54,2.57,2.59,2.57,994,669,1.49,40.88%,"16:01 ET"
CLF,7.3,Call,7.50,09/20/19,14,0.22,0.23,0.23,0.23,1411,949,1.49,55.75%,"15:26 ET"
MO,44.09,Call,44.00,09/20/19,14,0.71,0.74,0.77,0.80,749,507,1.48,21.55%,"15:46 ET"
BA,362.9,Put,357.50,09/06/19,0,0.02,0.03,0.03,0.03,754,511,1.48,0.00%,"15:54 ET"
CGC,27.69,Call,27.50,09/20/19,14,1.22,1.23,1.24,1.22,4768,3228,1.48,50.80%,"16:00 ET"
AMD,30.53,Put,30.50,09/06/19,0,0.04,0.05,0.05,0.05,5918,3999,1.48,0.00%,"15:58 ET"
NFLX,291.52,Call,295.00,09/06/19,0,0.00,0.01,0.01,0.01,5961,4038,1.48,0.00%,"15:51 ET"
BCS,6.88,Put,7.00,12/20/19,105,0.55,0.58,0.60,0.58,10497,7084,1.48,36.84%,"13:59 ET"
HD,231.14,Call,245.00,11/15/19,70,2.90,2.94,2.97,2.89,696,475,1.47,18.47%,"15:58 ET"
BIDU,102.99,Put,175.00,01/17/20,133,71.85,72.07,72.30,72.10,2100,1431,1.47,58.18%,"15:41 ET"
COST,304.14,Call,312.50,09/06/19,0,0.00,0.02,0.03,0.01,785,537,1.46,0.00%,"15:44 ET"
M,15.45,Put,14.50,09/20/19,14,0.23,0.24,0.25,0.24,1129,771,1.46,50.53%,"15:47 ET"
SNAP,16.58,Put,16.50,09/06/19,0,0.00,0.02,0.03,0.02,1585,1083,1.46,0.00%,"15:30 ET"
MSFT,139.55,Call,134.00,09/13/19,7,5.85,5.88,5.90,5.70,1834,1254,1.46,16.73%,"14:09 ET"
TSLA,228.59,Call,225.00,09/06/19,0,2.89,3.22,3.55,3.19,4505,3076,1.46,0.00%,"16:02 ET"
FB,187.95,Call,190.00,09/06/19,0,0.00,0.01,0.01,0.01,17143,11746,1.46,0.00%,"15:55 ET"
TLRY,32.16,Put,25.00,09/13/19,7,0.05,0.07,0.08,0.09,757,523,1.45,111.42%,"15:47 ET"
NFLX,291.52,Call,305.00,09/13/19,7,0.61,0.63,0.64,0.64,1375,947,1.45,26.96%,"15:46 ET"
BYND,155.07,Put,155.00,09/13/19,7,5.00,5.15,5.30,5.10,1425,981,1.45,61.67%,"16:02 ET"
MSFT,139.55,Put,140.00,09/13/19,7,1.43,1.44,1.45,1.54,1816,1249,1.45,17.62%,"15:51 ET"
SNAP,16.58,Call,16.00,09/13/19,7,0.77,0.78,0.78,0.77,3835,2645,1.45,45.82%,"15:59 ET"
NFLX,291.52,Put,285.00,09/06/19,0,0.00,0.01,0.01,0.01,4202,2903,1.45,0.00%,"15:47 ET"
AMZN,1834.1,Put,1850.00,09/06/19,0,16.80,17.15,17.50,17.00,557,388,1.44,0.00%,"15:58 ET"
ADBE,286.44,Call,287.50,09/06/19,0,0.00,0.03,0.05,0.08,736,511,1.44,0.00%,"15:52 ET"
MCD,220.37,Call,222.50,09/13/19,7,0.58,0.6,0.61,0.61,789,548,1.44,11.59%,"15:47 ET"
CGC,27.69,Call,30.00,09/27/19,21,0.63,0.64,0.65,0.70,940,651,1.44,57.11%,"15:13 ET"
GOOG,1209.27,Put,1200.00,09/06/19,0,0.00,0.05,0.10,0.08,710,498,1.43,0.00%,"14:55 ET"
MDT,108.63,Call,115.00,10/18/19,42,0.53,0.54,0.55,0.55,15837,11088,1.43,16.54%,"15:48 ET"
HD,231.14,Call,232.50,09/27/19,21,3.70,3.8,3.90,3.77,504,354,1.42,19.27%,"15:56 ET"
NTRP,4.35,Put,2.50,10/18/19,42,0.65,0.7,0.75,0.75,529,373,1.42,350.36%,"15:50 ET"
GOLD,17.9,Call,17.00,10/18/19,42,1.41,1.42,1.42,1.39,579,407,1.42,35.20%,"15:50 ET"
AAPL,213.91,Put,130.00,12/20/19,105,0.23,0.26,0.29,0.25,640,452,1.42,44.57%,"15:35 ET"
BA,362.9,Put,357.50,09/13/19,7,2.62,2.67,2.71,2.50,1242,873,1.42,23.80%,"15:43 ET"
SQ,62.34,Put,63.00,09/06/19,0,0.98,1.03,1.08,0.96,1420,1000,1.42,0.00%,"16:00 ET"
CGC,27.69,Call,27.00,09/06/19,0,0.71,0.76,0.80,0.74,2191,1547,1.42,0.00%,"16:02 ET"
BYND,155.07,Call,160.00,09/06/19,0,0.00,0.03,0.05,0.05,2250,1582,1.42,0.00%,"15:41 ET"
AAPL,213.91,Call,212.50,09/06/19,0,1.40,1.43,1.46,1.42,30087,21235,1.42,0.00%,"15:57 ET"
ENPH,25.46,Put,25.00,11/15/19,70,3.50,3.6,3.70,3.60,562,400,1.41,86.61%,"15:45 ET"
DELL,53.66,Put,52.50,09/20/19,14,0.85,0.93,1.00,0.92,1900,1346,1.41,34.24%,"15:51 ET"
TSLA,228.59,Put,190.00,09/13/19,7,0.09,0.1,0.10,0.09,595,424,1.4,61.31%,"16:00 ET"
LULU,202.72,Call,192.50,09/06/19,0,10.20,10.33,10.45,10.40,788,562,1.4,0.00%,"15:42 ET"
HD,231.14,Put,145.00,11/15/19,70,0.03,0.04,0.05,0.05,801,572,1.4,41.48%,"15:52 ET"
T,36.28,Put,35.00,09/27/19,21,0.15,0.16,0.17,0.15,803,572,1.4,17.22%,"15:23 ET"
BA,362.9,Put,355.00,09/13/19,7,2.03,2.05,2.07,2.05,849,606,1.4,25.54%,"16:00 ET"
C,65.99,Put,66.50,09/06/19,0,0.47,0.49,0.50,0.52,2559,1825,1.4,0.00%,"16:01 ET"
FIT,3.49,Call,3.50,09/13/19,7,0.10,0.11,0.11,0.10,3940,2821,1.4,56.59%,"15:49 ET"
MSFT,139.55,Put,141.00,09/13/19,7,2.01,2.03,2.04,2.01,522,376,1.39,15.77%,"15:48 ET"
TLRY,32.16,Call,33.00,09/13/19,7,1.01,1.04,1.06,1.08,548,394,1.39,78.98%,"15:59 ET"
LULU,202.72,Call,195.00,09/13/19,7,8.70,8.8,8.90,8.70,768,551,1.39,30.43%,"15:45 ET"
LULU,202.72,Call,220.00,09/13/19,7,0.10,0.11,0.11,0.10,862,620,1.39,30.74%,"15:45 ET"
NTNX,24.02,Call,35.00,10/18/19,42,0.05,0.13,0.20,0.15,1000,719,1.39,68.25%,"15:38 ET"
BIDU,102.99,Put,185.00,01/17/20,133,81.70,82.05,82.40,82.25,1500,1081,1.39,64.71%,"15:41 ET"
BIDU,102.99,Put,145.00,09/20/19,14,41.80,42.03,42.25,42.10,1800,1298,1.39,89.22%,"15:41 ET"
BIDU,102.99,Put,160.00,09/20/19,14,56.80,57.03,57.25,57.25,1802,1292,1.39,120.52%,"15:41 ET"
MSFT,139.55,Put,139.00,09/06/19,0,0.02,0.03,0.03,0.03,4118,2969,1.39,0.00%,"15:51 ET"
TWTR,45.6,Call,45.00,09/06/19,0,0.47,0.49,0.50,0.48,5300,3823,1.39,0.00%,"15:48 ET"
CRWD,76.2,Call,90.00,09/13/19,7,0.05,0.13,0.20,0.10,520,377,1.38,66.64%,"15:17 ET"
XOM,70.85,Put,70.00,09/06/19,0,0.00,0.02,0.03,0.01,605,437,1.38,0.00%,"14:27 ET"
ULTA,234.95,Put,330.00,09/20/19,14,95.90,96.35,96.80,96.00,701,507,1.38,98.04%,"16:01 ET"
TWLO,124.5,Put,127.00,09/06/19,0,2.52,2.64,2.76,2.48,752,544,1.38,0.00%,"15:47 ET"
JPM,112.67,Put,111.00,09/13/19,7,0.53,0.54,0.54,0.55,1077,783,1.38,19.49%,"15:56 ET"
MPC,52.65,Put,45.00,01/15/21,497,5.80,5.88,5.95,5.90,500,365,1.37,43.84%,"12:09 ET"
AMZN,1834.1,Call,1820.00,09/13/19,7,26.10,26.25,26.40,26.85,658,481,1.37,18.12%,"15:54 ET"
TWTR,45.6,Put,44.50,09/13/19,7,0.37,0.38,0.38,0.36,761,555,1.37,31.78%,"15:46 ET"
WFC,47.29,Put,47.00,09/13/19,7,0.38,0.39,0.40,0.46,1665,1212,1.37,23.59%,"15:02 ET"
BIDU,102.99,Put,165.00,09/20/19,14,61.70,62.05,62.40,62.15,2400,1757,1.37,120.95%,"15:41 ET"
TTD,236.14,Call,245.00,09/06/19,0,0.00,0.03,0.05,0.04,671,495,1.36,0.00%,"15:18 ET"
DXC,34.28,Call,36.00,09/20/19,14,0.60,0.65,0.70,0.62,776,572,1.36,47.43%,"13:13 ET"
LE,11.3,Call,12.50,09/20/19,14,0.05,0.1,0.15,0.10,898,662,1.36,52.21%,"15:37 ET"
UNH,229.57,Put,230.00,09/06/19,0,0.28,0.33,0.38,0.46,984,721,1.36,0.00%,"15:42 ET"
VZ,59.03,Put,56.00,09/27/19,21,0.14,0.15,0.16,0.16,712,529,1.35,19.19%,"14:54 ET"
ZM,86.96,Put,95.00,10/18/19,42,12.00,12.35,12.70,12.31,1031,766,1.35,62.55%,"15:43 ET"
AMZN,1834.1,Call,1820.00,09/06/19,0,12.45,12.95,13.45,13.16,1877,1388,1.35,0.00%,"15:58 ET"
NVDA,179.28,Call,182.50,09/13/19,7,1.80,1.82,1.83,1.83,1921,1424,1.35,31.76%,"15:51 ET"
AMD,30.53,Call,33.50,09/20/19,14,0.17,0.18,0.18,0.17,3616,2674,1.35,41.83%,"15:52 ET"
ATVI,54.78,Call,54.50,09/06/19,0,0.17,0.19,0.20,0.27,518,388,1.34,0.00%,"15:56 ET"
AMZN,1834.1,Call,1875.00,09/06/19,0,0.00,0.01,0.01,0.02,666,496,1.34,0.00%,"15:34 ET"
AMZN,1834.1,Put,1805.00,09/06/19,0,0.01,0.02,0.03,0.01,759,567,1.34,0.00%,"15:54 ET"
TLRY,32.16,Call,33.00,09/06/19,0,0.00,0.01,0.01,0.01,810,604,1.34,0.00%,"15:59 ET"
DOCU,55.9,Put,50.00,09/20/19,14,0.20,0.25,0.30,0.28,997,745,1.34,45.68%,"15:51 ET"
UBER,31.96,Call,32.00,09/06/19,0,0.00,0.03,0.05,0.04,1185,882,1.34,0.00%,"15:44 ET"
AAPL,213.91,Put,210.00,09/06/19,0,0.01,0.02,0.02,0.01,12531,9325,1.34,0.00%,"15:57 ET"
AMGN,207.57,Put,205.00,09/13/19,7,1.72,1.76,1.80,1.78,629,473,1.33,25.79%,"15:49 ET"
YRCW,2.43,Call,3.00,10/18/19,42,0.10,0.12,0.14,0.14,826,619,1.33,97.84%,"15:43 ET"
SQ,62.34,Call,63.00,09/20/19,14,1.25,1.26,1.27,1.24,862,647,1.33,33.64%,"16:00 ET"
BABA,176.94,Call,182.50,09/13/19,7,0.56,0.58,0.59,0.56,1364,1023,1.33,23.68%,"15:59 ET"
DAL,57.9,Put,57.50,09/13/19,7,0.44,0.46,0.48,0.46,620,470,1.32,22.73%,"15:44 ET"
UBER,31.96,Put,32.00,09/06/19,0,0.05,0.08,0.10,0.07,3132,2374,1.32,0.00%,"15:37 ET"
DOCU,55.9,Call,55.00,09/20/19,14,2.10,2.15,2.20,2.10,4833,3674,1.32,42.35%,"15:50 ET"
ZM,86.96,Call,95.00,09/13/19,7,0.25,0.28,0.30,0.28,799,611,1.31,49.71%,"15:49 ET"
CSCO,48.9,Call,50.00,09/13/19,7,0.14,0.15,0.15,0.13,2254,1724,1.31,17.52%,"15:29 ET"
M,15.45,Call,16.50,09/20/19,14,0.06,0.08,0.09,0.08,1307,1009,1.3,33.19%,"15:15 ET"
ZNGA,5.87,Put,5.50,01/17/20,133,0.35,0.37,0.38,0.38,1244,966,1.29,41.05%,"15:32 ET"
GPS,16.82,Call,18.00,09/20/19,14,0.24,0.26,0.27,0.27,3296,2556,1.29,52.12%,"15:41 ET"
FB,187.95,Call,192.50,09/13/19,7,0.58,0.59,0.59,0.59,5492,4253,1.29,19.89%,"15:55 ET"
TGT,110,Call,111.00,09/20/19,14,1.39,1.4,1.41,1.40,510,399,1.28,21.29%,"15:54 ET"
CGC,27.69,Call,29.00,09/06/19,0,0.00,0.02,0.03,0.02,565,442,1.28,0.00%,"12:06 ET"
SBUX,95.91,Put,95.00,09/06/19,0,0.01,0.02,0.02,0.01,1990,1558,1.28,0.00%,"15:51 ET"
T,36.28,Call,40.00,11/15/19,70,0.08,0.08,0.09,0.09,541,426,1.27,15.18%,"16:01 ET"
AVGO,292.14,Call,292.50,09/06/19,0,0.05,0.1,0.15,0.10,594,466,1.27,0.00%,"15:55 ET"
TSLA,228.59,Put,217.50,09/13/19,7,1.44,1.44,1.45,1.45,841,663,1.27,42.77%,"16:03 ET"
APHA,7.08,Call,7.00,09/06/19,0,0.05,0.1,0.15,0.10,1101,867,1.27,0.00%,"15:56 ET"
NFLX,291.52,Call,310.00,09/13/19,7,0.31,0.32,0.33,0.32,1228,969,1.27,28.50%,"15:40 ET"
AAPL,213.91,Put,180.00,11/15/19,70,1.86,1.89,1.92,1.96,1340,1057,1.27,35.61%,"15:19 ET"
SPOT,136.16,Call,135.00,09/13/19,7,2.80,2.85,2.90,2.75,2359,1851,1.27,29.49%,"16:00 ET"
M,15.45,Call,15.50,09/06/19,0,0.01,0.02,0.02,0.01,3179,2508,1.27,0.00%,"15:47 ET"
AMD,30.53,Put,31.00,09/06/19,0,0.46,0.48,0.49,0.48,7359,5793,1.27,0.00%,"15:58 ET"
TGT,110,Put,110.00,10/18/19,42,3.30,3.35,3.40,3.50,715,568,1.26,24.29%,"15:09 ET"
TPR,23.65,Call,25.00,01/17/20,133,1.80,1.85,1.90,1.80,790,627,1.26,40.13%,"14:32 ET"
ROKU,170.02,Call,190.00,09/13/19,7,0.64,0.66,0.67,0.66,1019,808,1.26,61.34%,"15:57 ET"
M,15.45,Call,15.50,09/13/19,7,0.22,0.23,0.23,0.23,1290,1024,1.26,31.61%,"15:50 ET"
BIDU,102.99,Call,104.00,09/06/19,0,0.00,0.01,0.01,0.01,681,546,1.25,0.00%,"15:03 ET"
T,36.28,Call,36.00,09/06/19,0,0.23,0.24,0.25,0.25,4238,3391,1.25,0.00%,"15:59 ET"
CVS,62.26,Call,62.50,09/13/19,7,0.57,0.59,0.60,0.59,509,411,1.24,21.53%,"15:51 ET"
LULU,202.72,Call,190.00,09/13/19,7,13.05,13.2,13.35,13.23,815,657,1.24,33.12%,"15:45 ET"
LYFT,44.97,Call,46.00,09/06/19,0,0.00,0.03,0.05,0.05,948,762,1.24,0.00%,"15:21 ET"
BCS,6.88,Put,7.00,01/15/21,497,1.10,1.25,1.40,1.15,1001,808,1.24,37.67%,"13:00 ET"
BA,362.9,Put,350.00,09/13/19,7,1.17,1.19,1.22,1.20,1291,1040,1.24,27.24%,"15:58 ET"
LBTYA,27.41,Put,30.00,09/20/19,14,2.45,2.7,2.95,2.76,39213,31655,1.24,42.21%,"15:49 ET"
"Downloaded from Barchart.com as of 09-06-2019 03:08pm CDT"
